,UniProtId,UniProtSeq,UniProtSeqLen,AlleleomeId,AlleleomeSeq,AlleleomeSeqLen
b0034,P0AE58,MCEGYVEKPLYLLIAEWMMAENRWVIAREISIHFDIEHSKAVNTLTYILSEVTEISCEVKMIPNKLEGRGCQCQRLVKVVDIDEQIYARLRNNSREKLVGVRKTPRIPAVPLTELNREQKWQMMLSKSMRR,131.0,b0034_WT_consensus,MCEGYVEKPLYLLIAEWMMAENRWVIAREISIHFDIEHSKAVNTLTYILSEVTEISCEVKMIPNKLEGRGCQCQRLVKVVDIDEQIYARLRNNSREKLVGVRKTPRIPAVPLTELNREQKWQMMLSKSMRR,131.0
b0651,P41409,MALPILLDCDPGHDDAIAIVLALASPELDVKAITSSAGNQTPEKTLRNVLRMLTLLNRTDIPVAGGAVKPLMRELIIADNVHGESGLDGPALPEPTFAPQNCTAVELMAKTLRESAEPVTIVSTGPQTNVALLLNSHPELHSKIARIVIMGGAMGLGNWTPAAEFNIYVDPEAAEIVFQSGIPVVMAGLDVTHKAQIHVEDTERFRAIGNPVSTIVAELLDFFLEYHKDEKWGFVGAPLHDPCTIAWLLKPELFTSVERWVGVETQGKYTQGMTVVDYYYLTGNKPNATVMVDVDRQGFVDLLADRLKFYA,311.0,b0651_WT_consensus,MALPILLDCDPGHDDAIAIVLALASPELDVKAITSSAGNQTPEKTLRNVLRMLTLLNRTDIPVAGGAVKPLMRELIIADNVHGESGLDGPALPEPTFAPQNCTAVELMAKTLRESAEPVTIVSTGPQTNVALLLNSHPELHSKIARIVIMGGAMGLGNWTPAAEFNIYVDPEAAEIVFQSGIPVVMAGLDVTHKAQIHVEDTERFRAIGNPVSTIVAELLDFFLEYHKDEKWGFVGAPLHDPCTIAWLLKPELFTSVERWVGVETQGKYTQGMTVVDYYYLTGNKPNATVMVDVDRQGFVDLLADRLKFYA,311.0
b2679,P0AFM2,MRHSVLFATAFATLISTQTFAADLPGKGITVNPVQSTITEETFQTLLVSRALEKLGYTVNKPSEVDYNVGYTSLASGDATFTAVNWTPLHDNMYEAAGGDKKFYREGVFVNGAAQGYLIDKKTADQYKITNIAQLKDPKIAKLFDTNGDGKADLTGCNPGWGCEGAINHQLAAYELTNTVTHNQGNYAAMMADTISRYKEGKPVFYYTWTPYWVSNELKPGKDVVWLQVPFSALPGDKNADTKLPNGANYGFPVSTMHIVANKAWAEKNPAAAKLFAIMQLPVADINAQNAIMHDGKASEGDIQGHVDGWIKAHQQQFDGWVNEALAAQK,330.0,b2679_WT_consensus,MRHSVLFATAFATLISTQTFAADLPGKGITVNPVQSTITEETFQTLLVSRALEKLGYTVNKPSEVDYNVGYTSLASGDATFTAVNWTPLHDNMYEAAGGDKKFYREGVFVNGAAQGYLIDKKTADQYKITNIAQLKDPKIAKLFDTNGDGKADLTGCNPGWGCEGAINHQLAAYELTNTVTHNQGNYAAMMADTISRYKEGKPVFYYTWTPYWVSNELKPGKDVVWLQVPFSALPGDKNADTKLPNGANYGFPVSTMHIVANKAWAEKNPAAAKLFAIMQLPVADINAQNAIMHDGKASEGDIQGHVDGWIKAHQQQFDGWVNEALAAQK,330.0
b0107,P36645,MNIPQLTALCLRYHGVLLDASEEVVHVAVVDAPSHELLDALHFATTKRIEITCWTRQQMEGHASRTQQTLPVAVQEKHQPKAELLTRTLQSALEQRASDIHIEPADNAYRIRLRIDGVLHPLPDVSPDAGVALTARLKVLGNLDIAEHRLPQDGQFTVELAGNAVSFRIATLPCRGGEKVVLRLLQQVGQALDVNTLGMQPLQLADFAHALQQPQGLVLVTGPTGSGKTVTLYSALQKLNTADINICSVEDPVEIPIAGLNQTQIHPRAGLTFQGVLRALLRQDPDVIMIGEIRDGETAEIAIKAAQTGHLVLSTLHTNSTCETLVRLQQMGVARWMLSSALTLVIAQRLVRKLCPHCRRQQGEPIHIPDNVWPSPLPHWQAPGCVHCYHGFYGRTALFEVLPITPVIRQLISANTDVESLETHARQAGMRTLFENGCLAVEQGLTTFEELIRVLGMPHGE,461.0,b0107_WT_consensus,MNIPQLTALCLRYHGVLLDASEEVVHVAVVDAPSHELLDALHFATTKRIEITCWTRQQMEGHASRTQQTLPVAVQEKHQPKAELLTRTLQSALEQRASDIHIEPADNAYRIRLRIDGVLHPLPDVSPDAGVALTARLKVLGNLDIAEHRLPQDGQFTVELAGNAVSFRIATLPCRGGEKVVLRLLQQVGQALDVNTLGMQPLQLADFAHALQQPQGLVLVTGPTGSGKTVTLYSALQKLNTADINICSVEDPVEIPIAGLNQTQIHPRAGLTFQGVLRALLRQDPDVIMIGEIRDGETAEIAIKAAQTGHLVLSTLHTNSTCETLVRLQQMGVARWMLSSALTLVIAQRLVRKLCPHCRRQQGEPIHIPDNVWPSPLPHWQAPGCVHCYHGFYGRTALFEVLPITPVIRQLISANTDVESLETHARQAGMRTLFENGCLAVEQGLTTFEELIRVLGMPHGE,461.0
b0878,P75830,MKKRKTVKKRYVIALVIVIAGLITLWRILNAPVPTYQTLIVRPGDLQQSVLATGKLDALRKVDVGAQVSGQLKTLSVAIGDKVKKDQLLGVIDPEQAENQIKEVEATLMELRAQRQQAEAELKLARVTYSRQQRLAQTKAVSQQDLDTAATEMAVKQAQIGTIDAQIKRNQASLDTAKTNLDYTRIVAPMAGEVTQITTLQGQTVIAAQQAPNILTLADMSAMLVKAQVSEADVIHLKPGQKAWFTVLGDPLTRYEGQIKDVLPTPEKVNDAIFYYARFEVPNPNGLLRLDMTAQVHIQLTDVKNVLTIPLSALGDPVGDNRYKVKLLRNGETREREVTIGARNDTDVEIVKGLEAGDEVVIGEAKPGAAQ,371.0,b0878_WT_consensus,MKKRKTVKKRYVIALVIVIAGLITLWRILNAPVPTYQTLIVRPGDLQQSVLATGKLDALRKVDVGAQVSGQLKTLSVAIGDKVKKDQLLGVIDPEQAENQIKEVEATLMELRAQRQQAEAELKLARVTYSRQQRLAQTKAVSQQDLDTAATEMAVKQAQIGTIDAQIKRNQASLDTAKTNLDYTRIVAPMAGEVTQITTLQGQTVIAAQQAPNILTLADMSAMLVKAQVSEADVIHLKPGQKAWFTVLGDPLTRYEGQIKDVLPTPEKVNDAIFYYARFEVPNPNGLLRLDMTAQVHIQLTDVKNVLTIPLSALGDPVGDNRYKVKLLRNGETREREVTIGARNDTDVEIVKGLEAGDEVVIGEAKPGAAQ,371.0
b2678,P14176,MADQNNPWDTTPAADSAAQSADAWGTPTTAPTDGGGADWLTSTPAPNVEHFNILDPFHKTLIPLDSWVTEGIDWVVTHFRPVFQGVRVPVDYILNGFQQLLLGMPAPVAIIVFALIAWQISGVGMGVATLVSLIAIGAIGAWSQAMVTLALVLTALLFCIVIGLPLGIWLARSPRAAKIIRPLLDAMQTTPAFVYLVPIVMLFGIGNVPGVVVTIIFALPPIIRLTILGINQVPADLIEASRSFGASPRQMLFKVQLPLAMPTIMAGVNQTLMLALSMVVIASMIAVGGLGQMVLRGIGRLDMGLATVGGVGIVILAIILDRLTQAVGRDSRSRGNRRWYTTGPVGLLTRPFIK,354.0,b2678_WT_consensus,MADQNNPWDTTPAADSAAQSADAWGTPTTAPTDGGGADWLTSTPAPNVEHFNILDPFHKTLIPLDSWVTEGIDWVVTHFRPVFQGVRVPVDYILNGFQQLLLGMPAPVAIIVFALIAWQISGVGMGVATLVSLIAIGAIGAWSQAMVTLALVLTALLFCIVIGLPLGIWLARSPRAAKIIRPLLDAMQTTPAFVYLVPIVMLFGIGNVPGVVVTIIFALPPIIRLTILGINQVPADLIEASRSFGASPRQMLFKVQLPLAMPTIMAGVNQTLMLALSMVVIASMIAVGGLGQMVLRGIGRLDMGLATVGGVGIVILAIILDRLTQAVGRDSRSRGNRRWYTTGPVGLLTRPFIK,354.0
b2698,P33596,MTESTSRRPAYARLLDRAVRILAVRDHSEQELRRKLAAPIMGKNGPEEIDATAEDYERVIAWCHEHGYLDDSRFVARFIASRSRKGYGPARIRQELNQKGISREATEKAMRECDIDWCALARDQATRKYGEPLPTVFSEKVKIQRFLLYRGYLMEDIQEIWRNFAD,166.0,b2698_WT_consensus,MTESTSRRPAYARLLDRAVRILAVRDHSEQELRRKLAAPIMGKNGPEEIDATAEDYERVIAWCHEHGYLDDSRFVARFIASRSRKGYGPARIRQELNQKGISREATEKAMRECDIDWCALARDQATRKYGEPLPTVFSEKVKIQRFLLYRGYLMEDIQEIWRNFAD,166.0
b0403,P21517,MLNAWHLPVPPFVKQSKDQLLITLWLTGEDPPQRIMLRTEHDNEEMSVPMHKQRSQPQPGVTAWRAAIDLSSGQPRRRYSFKLLWHDRQRWFTPQGFSRMPPARLEQFAVDVPDIGPQWAADQIFYQIFPDRFARSLPREAEQDHVYYHHAAGQEIILRDWDEPVTAQAGGSTFYGGDLDGISEKLPYLKKLGVTALYLNPVFKAPSVHKYDTEDYRHVDPQFGGDGALLRLRHNTQQLGMRLVLDGVFNHSGDSHAWFDRHNRGTGGACHNPESPWRDWYSFSDDGTALDWLGYASLPKLDYQSESLVNEIYRGEDSIVRHWLKAPWNMDGWRLDVVHMLGEAGGARNNMQHVAGITEAAKETQPEAYIVGEHFGDARQWLQADVEDAAMNYRGFTFPLWGFLANTDISYDPQQIDAQTCMAWMDNYRAGLSHQQQLRMFNQLDSHDTARFKTLLGRDIARLPLAVVWLFTWPGVPCIYYGDEVGLDGKNDPFCRKPFPWQVEKQDTALFALYQRMIALRKKSQALRHGGCQVLYAEDNVVVFVRVLNQQRVLVAINRGEACEVVLPASPFLNAVQWQCKEGHGQLTDGILALPAISATVWMN,604.0,b0403_WT_consensus,MLNAWHLPVPPFVKQSKDQLLITLWLTGEDPPQRIMLRTEHDNEEMSVPMHKQRSQPQPGVTAWRAAIDLSSGQPRRRYSFKLLWHDRQRWFTPQGFSRMPPARLEQFAVDVPDIGPQWAADQIFYQIFPDRFARSLPREAEQDHVYYHHAAGQEIILRDWDEPVTAQAGGSTFYGGDLDGISEKLPYLKKLGVTALYLNPVFKAPSVHKYDTEDYRHVDPQFGGDGALLRLRHNTQQLGMRLVLDGVFNHSGDSHAWFDRHNRGTGGACHNPESPWRDWYSFSDDGTALDWLGYASLPKLDYQSESLVNEIYRGEDSIVRHWLKAPWNMDGWRLDVVHMLGEAGGARNNMQHVAGITEAAKETQPEAYIVGEHFGDARQWLQADVEDAAMNYRGFTFPLWGFLANTDISYDPQQIDAQTCMAWMDNYRAGLSHQQQLRMFNQLDSHDTARFKTLLGRDIARLPLAVVWLFTWPGVPCIYYGDEVGLDGKNDPFCRKPFPWQVEKQDTALFALYQRMIALRKKSQALRHGGCQVLYAEDNVVVFVRVLNQQRVLVAINRGEACEVVLPASPFLNAVQWQCKEGHGQLTDGILALPAISATVWMN,604.0
b0256,P0CF88,MRRTFTAEEKASVFELWKNGTGFSEIANILGSKPGTIFTMLRDTGGIKPHERKRAVAHLTLSEREEIRAGLSAKMSIRAIATALNRSPSTISREVQRNRGRRYYKAVDANNRANRMAKRPKPCLLDQNLPLRKLVLEKLEMKWSPEQISGWLRRTKPRQKTLRISPETIYKTLYFRSREALHHLNIQHLRRSHSLRHGRRHTRKGERGTINIVNGTPIHERSRNIDNRRSLGHWEGDLVSGTKNSHIATLVDRKSRYTIIVRLRGKDSVSVNQALTDKFLSLPSELRKSLTWDRGMELARHLEFTVSTGVKVYFCDPQSPWQRGTNENTNGLIRQYFPKKTCLAQYTQHELDLVAAQLNNRPRKTLKFKTPKEIIERGVALTD,383.0,b0256_WT_consensus,MRRTFTAEEKASVFELWKNGTGFSEIANILGSKPGTIFTMLRDTGGIKPHERKRAVAHLTLSEREEIRAGLSAKMSIRAIATALNRSPSTISREVQRNRGRRYYKAVDANNRANRMAKRPKPCLLDQNLPLRKLVLEKLEMKWSPEQISGWLRRTKPRQKTLRISPETIYKTLYFRSREALHHLNIQHLRRSHSLRHGRRHTRKGERGTINIVNGTPIHERSRNIDNRRSLGHWEGDLVSGTKNSHIATLVDRKSRYTIIVRLRGKDSVSVNQALTDKFLSLPSELRKSLTWDRGMELARHLEFTVSTGVKVYFCDPQSPWQRGTNENTNGLIRQYFPKKTCLAQYTQHELDLVAAQLNNRPRKTLKFKTPKEIIERGVALTD,383.0
b3962,P27306,MPHSYDYDAIVIGSGPGGEGAAMGLVKQGARVAVIERYQNVGGGCTHWGTIPSKALRHAVSRIIEFNQNPLYSDHSRLLRSSFADILNHADNVINQQTRMRQGFYERNHCEILQGNARFVDEHTLALDCPDGSVETLTAEKFVIACGSRPYHPTDVDFTHPRIYDSDSILSMHHEPRHVLIYGAGVIGCEYASIFRGMDVKVDLINTRDRLLAFLDQEMSDSLSYHFWNSGVVIRHNEEYEKIEGCDDGVIMHLKSGKKLKADCLLYANGRTGNTDSLALQNIGLETDSRGQLKVNSMYQTAQPHVYAVGDVIGYPSLASAAYDQGRIAAQALVKGEATAHLIEDIPTGIYTIPEISSVGKTEQQLTAMKVPYEVGRAQFKHLARAQIVGMNVGTLKILFHRETKEILGIHCFGERAAEIIHIGQAIMEQKGGGNTIEYFVNTTFNYPTMAEAYRVAALNGLNRLF,466.0,b3962_WT_consensus,MPHSYDYDAIVIGSGPGGEGAAMGLVKQGARVAVIERYQNVGGGCTHWGTIPSKALRHAVSRIIEFNQNPLYSDHSRLLRSSFADILNHADNVINQQTRMRQGFYERNHCEILQGNARFVDEHTLALDCPDGSVETLTAEKFVIACGSRPYHPTDVDFTHPRIYDSDSILSMHHEPRHVLIYGAGVIGCEYASIFRGMDVKVDLINTRDRLLAFLDQEMSDSLSYHFWNSGVVIRHNEEYEKIEGCDDGVIMHLKSGKKLKADCLLYANGRTGNTDSLALQNIGLETDSRGQLKVNSMYQTAQPHVYAVGDVIGYPSLASAAYDQGRIAAQALVKGEATAHLIEDIPTGIYTIPEISSVGKTEQQLTAMKVPYEVGRAQFKHLARAQIVGMNVGTLKILFHRETKEILGIHCFGERAAEIIHIGQAIMEQKGGGNTIEYFVNTTFNYPTMAEAYRVAALNGLNRLF,466.0
b0879,P75831,MTPLLELKDIRRSYPAGDEQVEVLKGISLDIYAGEMVAIVGASGSGKSTLMNILGCLDKATSGTYRVAGQDVATLDADALAQLRREHFGFIFQRYHLLSHLTAEQNVEVPAVYAGLERKQRLLRAQELLQRLGLEDRTEYYPAQLSGGQQQRVSIARALMNGGQVILADEPTGALDSHSGEEVMAILHQLRDRGHTVIIVTHDPQVAAQAERVIEIRDGEIVRNPPAIEKVNVTGGTEPVVNTVSGWRQFVSGFNEALTMAWRALAANKMRTLLTMLGIIIGIASVVSIVVVGDAAKQMVLADIRSIGTNTIDVYPGKDFGDDDPQYQQALKYDDLIAIQKQPWVASATPAVSQNLRLRYNNVDVAASANGVSGDYFNVYGMTFSEGNTFNQEQLNGRAQVVVLDSNTRRQLFPHKADVVGEVILVGNMPARVIGVAEEKQSMFGSSKVLRVWLPYSTMSGRVMGQSWLNSITVRVKEGFDSAEAEQQLTRLLSLRHGKKDFFTWNMDGVLKTVEKTTRTLQLFLTLVAVISLVVGGIGVMNIMLVSVTERTREIGIRMAVGARASDVLQQFLIEAVLVCLVGGALGITLSLLIAFTLQLFLPGWEIGFSPLALLLAFLCSTVTGILFGWLPARNAARLDPVDALARE,648.0,b0879_WT_consensus,MTPLLELKDIRRSYPAGDEQVEVLKGISLDIYAGEMVAIVGASGSGKSTLMNILGCLDKATSGTYRVAGQDVATLDADALAQLRREHFGFIFQRYHLLSHLTAEQNVEVPAVYAGLERKQRLLRAQELLQRLGLEDRTEYYPAQLSGGQQQRVSIARALMNGGQVILADEPTGALDSHSGEEVMAILHQLRDRGHTVIIVTHDPQVAAQAERVIEIRDGEIVRNPPAIEKVNVTGGTEPVVNTVSGWRQFVSGFNEALTMAWRALAANKMRTLLTMLGIIIGIASVVSIVVVGDAAKQMVLADIRSIGTNTIDVYPGKDFGDDDPQYQQALKYDDLIAIQKQPWVASATPAVSQNLRLRYNNVDVAASANGVSGDYFNVYGMTFSEGNTFNQEQLNGRAQVVVLDSNTRRQLFPHKADVVGEVILVGNMPARVIGVAEEKQSMFGSSKVLRVWLPYSTMSGRVMGQSWLNSITVRVKEGFDSAEAEQQLTRLLSLRHGKKDFFTWNMDGVLKTVEKTTRTLQLFLTLVAVISLVVGGIGVMNIMLVSVTERTREIGIRMAVGARASDVLQQFLIEAVLVCLVGGALGITLSLLIAFTLQLFLPGWEIGFSPLALLLAFLCSTVTGILFGWLPARNAARLDPVDALARE,648.0
b0808,P75783,MRWILFILFCLLGAPAHAVSIPGVTTTTTTDSTTEPAPEPDIEQKKAAYGALADVLDNDTSRKELIDQLRTVAATPPAEPVPKIVPPTLVEEQTVLQKVTEVSRHYGEALSARFGQLYRNITGSPHKPFNPQTFSNALTHFSMLAVLVFGFYWLIRLCALPLYRKMGQWARQKNRERSNWLQLPAMIIGAFIIDLLLLALTLFVGQVLSDNLNAGSRTIAFQQSLFLNAFALIEFFKAVLRLIFCPNVAELRPFTIQDESARYWSRRLSWLSSLIGYGLIVAVPIISNQVNVQIGALANVIIMLCMTVWALYLIFRNKKEITQHLLNFAEHSLAFFSLFIRAFALVWHWLASAYFIVLFFFSLFDPGNSLKFMMGATVRSLAIIGIAAFVSGMFSRWLAKTITLSPHTQRNYPELQKRLNGWLSAALKTARILTVCVAVMLLLSAWGLFDFWNWLQNGAGQKTVDILIRIALILFFSAVGWTVLASLIENRLASDIHGRPLPSARTRTLLTLFRNALAVIISTITIMIVLSEIGVNIAPLLAGAGALGLAISFGSQTLVKDIITGVFIQFENGMNTGDLVTIGPLTGTVERMSIRSVGVRQDTGAYHIIPWSSITTFANFVRGIGSVVANYDVDRHEDADKANQALKDAVAELMENEEIRGLIIGEPNFAGIVGLSNTAFTLRVSFTTLPLKQWTVRFALDSQVKKHFDLAGVRAPVQTYQVLPAPGATPAEPLPPGEPTL,741.0,b0808_WT_consensus,MRWILFILFCLLGAPAHAVSIPGVTTTTTTDSTTEPAPEPDIEQKKAAYGALADVLDNDTSRKELIDQLRTVAATPPAEPVPKIVPPTLVEEQTVLQKVTEVSRHYGEALSARFGQLYRNITGSPHKPFNPQTFSNALTHFSMLAVLVFGFYWLIRLCALPLYRKMGQWARQKNRERSNWLQLPAMIIGAFIIDLLLLALTLFVGQVLSDNLNAGSRTIAFQQSLFLNAFALIEFFKAVLRLIFCPNVAELRPFTIQDESARYWSRRLSWLSSLIGYGLIVAVPIISNQVNVQIGALANVIIMLCMTVWALYLIFRNKKEITQHLLNFAEHSLAFFSLFIRAFALVWHWLASAYFIVLFFFSLFDPGNSLKFMMGATVRSLAIIGIAAFVSGMFSRWLAKTITLSPHTQRNYPELQKRLNGWLSAALKTARILTVCVAVMLLLSAWGLFDFWNWLQNGAGQKTVDILIRIALILFFSAVGWTVLASLIENRLASDIHGRPLPSARTRTLLTLFRNALAVIISTITIMIVLSEIGVNIAPLLAGAGALGLAISFGSQTLVKDIITGVFIQFENGMNTGDLVTIGPLTGTVERMSIRSVGVRQDTGAYHIIPWSSITTFANFVRGIGSVVANYDVDRHEDADKANQALKDAVAELMENEEIRGLIIGEPNFAGIVGLSNTAFTLRVSFTTLPLKQWTVRFALDSQVKKHFDLAGVRAPVQTYQVLPAPGATPAEPLPPGEPTL,741.0
b3240,P46481,MGIFSIANQHIRFAVKLATAIVLALFVGFHFQLETPRWAVLTAAIVAAGTAFAAGGEPYSGAIRYRGFLRIIGTFIGCIAGLVIIIAMIRAPLLMILVCCIWAGFCTWISSLVRIENSYAWGLAGYTALIIVITIQPEPLLTPQFAVERCSEIVIGIVCAIMADLLFSPRSIKQEVDRELESLLVAQYQLMQLCIKHGDGEVVDKAWGDLVRRTTALQGMRSNLNMESSRWARANRRLKAINTLSLTLITQSCETYLIQNTRPELITDTFREFFDTPVETAQDVHKQLKRLRRVIAWTGERETPVTIYSWVAAATRYQLLKRGVISNTKINATEEEILQGEPEVKVESAERHHAMVNFWRTTLSCILGTLFWLWTGWTSGSGAMVMIAVVTSLAMRLPNPRMVAIDFIYGTLAALPLGLLYFLVIIPNTQQSMLLLCISLAVLGFFLGIEVQKRRLGSMGALASTINIIVLDNPMTFHFSQFLDSALGQIVGCVLAFTVILLVRDKSRDRTGRVLLNQFVSAAVSAMTTNVARRKENHLPALYQQLFLLMNKFPGDLPKFRLALTMIIAHQRLRDAPIPVNEDLSAFHRQMRRTADHVISARSDDKRRRYFGQLLEELEIYQEKLRIWQAPPQVTEPVNRLAGMLHKYQHALTDS,655.0,b3240_WT_consensus,MGIFSIANQHIRFAVKLATAIVLALFVGFHFQLETPRWAVLTAAIVAAGTAFAAGGEPYSGAIRYRGFLRIIGTFIGCIAGLVIIIAMIRAPLLMILVCCIWAGFCTWISSLVRIENSYAWGLAGYTALIIVITIQPEPLLTPQFAVERCSEIVIGIVCAIMADLLFSPRSIKQEVDRELESLLVAQYQLMQLCIKHGDGEVVDKAWGDLVRRTTALQGMRSNLNMESSRWARANRRLKAINTLSLTLITQSCETYLIQNTRPELITDTFREFFDTPVETAQDVHKQLKRLRRVIAWTGERETPVTIYSWVAAATRYQLLKRGVISNTKINATEEEILQGEPEVKVESAERHHAMVNFWRTTLSCILGTLFWLWTGWTSGSGAMVMIAVVTSLAMRLPNPRMVAIDFIYGTLAALPLGLLYFLVIIPNTQQSMLLLCISLAVLGFFLGIEVQKRRLGSMGALASTINIIVLDNPMTFHFSQFLDSALGQIVGCVLAFTVILLVRDKSRDRTGRVLLNQFVSAAVSAMTTNVARRKENHLPALYQQLFLLMNKFPGDLPKFRLALTMIIAHQRLRDAPIPVNEDLSAFHRQMRRTADHVISARSDDKRRRYFGQLLEELEIYQEKLRIWQAPPQVTEPVNRLAGMLHKYQHALTDS,655.0
b0463,P0AE06,MNKNRGFTPLAVVLMLSGSLALTGCDDKQAQQGGQQMPAVGVVTVKTEPLQITTELPGRTSAYRIAEVRPQVSGIILKRNFKEGSDIEAGVSLYQIDPATYQATYDSAKGDLAKAQAAANIAQLTVNRYQKLLGTQYISKQEYDQALADAQQANAAVTAAKAAVETARINLAYTKVTSPISGRIGKSNVTEGALVQNGQATALATVQQLDPIYVDVTQSSNDFLRLKQELANGTLKQENGKAKVSLITSDGIKFPQDGTLEFSDVTVDQTTGSITLRAIFPNPDHTLLPGMFVRARLEEGLNPNAILVPQQGVTRTPRGDATVLVVGADDKVETRPIVASQAIGDKWLVTEGLKAGDRVVISGLQKVRPGVQVKAQEVTADNNQQAASGAQPEQSKS,397.0,b0463_WT_consensus,MNKNRGFTPLAVVLMLSGSLALTGCDDKQAQQGGQQMPAVGVVTVKTEPLQITTELPGRTSAYRIAEVRPQVSGIILKRNFKEGSDIEAGVSLYQIDPATYQATYDSAKGDLAKAQAAANIAQLTVNRYQKLLGTQYISKQEYDQALADAQQANAAVTAAKAAVETARINLAYTKVTSPISGRIGKSNVTEGALVQNGQATALATVQQLDPIYVDVTQSSNDFLRLKQELANGTLKQENGKAKVSLITSDGIKFPQDGTLEFSDVTVDQTTGSITLRAIFPNPDHTLLPGMFVRARLEEGLNPNAILVPQQGVTRTPRGDATVLVVGADDKVETRPIVASQAIGDKWLVTEGLKAGDRVVISGLQKVRPGVQVKAQEVTADNNQQAASGAQPEQSKS,397.0
b2677,P14175,MAIKLEIKNLYKIFGEHPQRAFKYIEQGLSKEQILEKTGLSLGVKDASLAIEEGEIFVIMGLSGSGKSTMVRLLNRLIEPTRGQVLIDGVDIAKISDAELREVRRKKIAMVFQSFALMPHMTVLDNTAFGMELAGINAEERREKALDALRQVGLENYAHSYPDELSGGMRQRVGLARALAINPDILLMDEAFSALDPLIRTEMQDELVKLQAKHQRTIVFISHDLDEAMRIGDRIAIMQNGEVVQVGTPDEILNNPANDYVRTFFRGVDISQVFSAKDIARRTPNGLIRKTPGFGPRSALKLLQDEDREYGYVIERGNKFVGAVSIDSLKTALTQQQGLDAALIDAPLAVDAQTPLSELLSHVGQAPCAVPVVDEDQQYVGIISKGMLLRALDREGVNNG,400.0,b2677_WT_consensus,MAIKLEIKNLYKIFGEHPQRAFKYIEQGLSKEQILEKTGLSLGVKDASLAIEEGEIFVIMGLSGSGKSTMVRLLNRLIEPTRGQVLIDGVDIAKISDAELREVRRKKIAMVFQSFALMPHMTVLDNTAFGMELAGINAEERREKALDALRQVGLENYAHSYPDELSGGMRQRVGLARALAINPDILLMDEAFSALDPLIRTEMQDELVKLQAKHQRTIVFISHDLDEAMRIGDRIAIMQNGEVVQVGTPDEILNNPANDYVRTFFRGVDISQVFSAKDIARRTPNGLIRKTPGFGPRSALKLLQDEDREYGYVIERGNKFVGAVSIDSLKTALTQQQGLDAALIDAPLAVDAQTPLSELLSHVGQAPCAVPVVDEDQQYVGIISKGMLLRALDREGVNNG,400.0
b2296,P0A6A3,MSSKLVLVLNCGSSSLKFAIIDAVNGEEYLSGLAECFHLPEARIKWKMDGNKQEAALGAGAAHSEALNFIVNTILAQKPELSAQLTAIGHRIVHGGEKYTSSVVIDESVIQGIKDAASFAPLHNPAHLIGIEEALKSFPQLKDKNVAVFDTAFHQTMPEESYLYALPYNLYKEHGIRRYGAHGTSHFYVTQEAAKMLNKPVEELNIITCHLGNGGSVSAIRNGKCVDTSMGLTPLEGLVMGTRSGDIDPAIIFHLHDTLGMSVDAINKLLTKESGLLGLTEVTSDCRYVEDNYATKEDAKRAMDVYCHRLAKYIGAYTALMDGRLDAVVFTGGIGENAAMVRELSLGKLGVLGFEVDHERNLAARFGKSGFINKEGTRPAVVIPTNEELVIAQDASRLTA,400.0,b2296_WT_consensus,MSSKLVLVLNCGSSSLKFAIIDAVNGEEYLSGLAECFHLPEARIKWKMDGNKQEAALGAGAAHSEALNFIVNTILAQKPELSAQLTAIGHRIVHGGEKYTSSVVIDESVIQGIKDAASFAPLHNPAHLIGIEEALKSFPQLKDKNVAVFDTAFHQTMPEESYLYALPYNLYKEHGIRRYGAHGTSHFYVTQEAAKMLNKPVEELNIITCHLGNGGSVSAIRNGKCVDTSMGLTPLEGLVMGTRSGDIDPAIIFHLHDTLGMSVDAINKLLTKESGLLGLTEVTSDCRYVEDNYATKEDAKRAMDVYCHRLAKYIGAYTALMDGRLDAVVFTGGIGENAAMVRELSLGKLGVLGFEVDHERNLAARFGKSGFINKEGTRPAVVIPTNEELVIAQDASRLTA,400.0
b0179,P21645,MPSIRLADLAQQLDAELHGDGDIVITGVASMQSAQTGHITFMVNPKYREHLGLCQASAVVMTQDDLPFAKSAALVVKNPYLTYARMAQILDTTPQPAQNIAPSAVIDATAKLGNNVSIGANAVIESGVELGDNVIIGAGCFVGKNSKIGAGSRLWANVTIYHEIQIGQNCLIQSGTVVGADGFGYANDRGNWVKIPQIGRVIIGDRVEIGACTTIDRGALDDTIIGNGVIIDNQCQIAHNVVIGDNTAVAGGVIMAGSLKIGRYCMIGGASVINGHMEICDKVTVTGMGMVMRPITEPGVYSSGIPLQPNKVWRKTAALVMNIDDMSKRLKSLERKVNQQD,341.0,b0179_WT_consensus,MPSIRLADLAQQLDAELHGDGDIVITGVASMQSAQTGHITFMVNPKYREHLGLCQASAVVMTQDDLPFAKSAALVVKNPYLTYARMAQILDTTPQPAQNIAPSAVIDATAKLGNNVSIGANAVIESGVELGDNVIIGAGCFVGKNSKIGAGSRLWANVTIYHEIQIGQNCLIQSGTVVGADGFGYANDRGNWVKIPQIGRVIIGDRVEIGACTTIDRGALDDTIIGNGVIIDNQCQIAHNVVIGDNTAVAGGVIMAGSLKIGRYCMIGGASVINGHMEICDKVTVTGMGMVMRPITEPGVYSSGIPLQPNKVWRKTAALVMNIDDMSKRLKSLERKVNQQD,341.0
b2336,P77599,MSDLLCSAKLGAMTLALLLSATSLSALASVTPDRTRLIFNESDKSISVTLRNNDPKLPYLAQSWIEDEKGNKITSPLTVLPPVQRIDSMMNGQVKVQGMPDINKLPADRESMFYFNVREIPPKSNKPNTLQIALQTRIKLFWRPKALEKVSMKSPWQHKVTLTRSGQAFTVNNPTPYYVIISNASAQKNGNPAAGFSPLVIEPKTTVPLNVKMDSVPVLTYVNDFGARMPLFFQCNGNSCQVDEEQSRKG,250.0,b2336_WT_consensus,MSDLLCSAKLGAMTLALLLSATSLSALASVTPDRTRLIFNESDKSISVTLRNNDPKLPYLAQSWIEDEKGNKITSPLTVLPPVQRIDSMMNGQVKVQGMPDINKLPADRESMFYFNVREIPPKSNKPNTLQIALQTRIKLFWRPKALEKVSMKSPWQHKVTLTRSGQAFTVNNPTPYYVIISNASAQKNGNPAAGFSPLVIEPKTTVPLNVKMDSVPVLTYVNDFGARMPLFFQCNGNSCQVDEEQSRKG,250.0
b0880,P0A968,MEKGTVKWFNNAKGFGFICPEGGGEDIFAHYSTIQMDGYRTLKAGQSVQFDVHQGPKGNHASVIVPVEVEAAVA,74.0,b0880_WT_consensus,MEKGTVKWFNNAKGFGFICPEGGGEDIFAHYSTIQMDGYRTLKAGQSVQFDVHQGPKGNHASVIVPVEVEAAVA,74.0
b0462,P31224,MPNFFIDRPIFAWVIAIIIMLAGGLAILKLPVAQYPTIAPPAVTISASYPGADAKTVQDTVTQVIEQNMNGIDNLMYMSSNSDSTGTVQITLTFESGTDADIAQVQVQNKLQLAMPLLPQEVQQQGVSVEKSSSSFLMVVGVINTDGTMTQEDISDYVAANMKDAISRTSGVGDVQLFGSQYAMRIWMNPNELNKFQLTPVDVITAIKAQNAQVAAGQLGGTPPVKGQQLNASIIAQTRLTSTEEFGKILLKVNQDGSRVLLRDVAKIELGGENYDIIAEFNGQPASGLGIKLATGANALDTAAAIRAELAKMEPFFPSGLKIVYPYDTTPFVKISIHEVVKTLVEAIILVFLVMYLFLQNFRATLIPTIAVPVVLLGTFAVLAAFGFSINTLTMFGMVLAIGLLVDDAIVVVENVERVMAEEGLPPKEATRKSMGQIQGALVGIAMVLSAVFVPMAFFGGSTGAIYRQFSITIVSAMALSVLVALILTPALCATMLKPIAKGDHGEGKKGFFGWFNRMFEKSTHHYTDSVGGILRSTGRYLVLYLIIVVGMAYLFVRLPSSFLPDEDQGVFMTMVQLPAGATQERTQKVLNEVTHYYLTKEKNNVESVFAVNGFGFAGRGQNTGIAFVSLKDWADRPGEENKVEAITMRATRAFSQIKDAMVFAFNLPAIVELGTATGFDFELIDQAGLGHEKLTQARNQLLAEAAKHPDMLTSVRPNGLEDTPQFKIDIDQEKAQALGVSINDINTTLGAAWGGSYVNDFIDRGRVKKVYVMSEAKYRMLPDDIGDWYVRAADGQMVPFSAFSSSRWEYGSPRLERYNGLPSMEILGQAAPGKSTGEAMELMEQLASKLPTGVGYDWTGMSYQERLSGNQAPSLYAISLIVVFLCLAALYESWSIPFSVMLVVPLGVIGALLAATFRGLTNDVYFQVGLLTTIGLSAKNAILIVEFAKDLMDKEGKGLIEATLDAVRMRLRPILMTSLAFILGVMPLVISTGAGSGAQNAVGTGVMGGMVTATVLAIFFVPVFFVVVRRRFSRKNEDIEHSHTVDHH,1049.0,b0462_WT_consensus,MPNFFIDRPIFAWVIAIIIMLAGGLAILKLPVAQYPTIAPPAVTISASYPGADAKTVQDTVTQVIEQNMNGIDNLMYMSSNSDSTGTVQITLTFESGTDADIAQVQVQNKLQLAMPLLPQEVQQQGVSVEKSSSSFLMVVGVINTDGTMTQEDISDYVAANMKDAISRTSGVGDVQLFGSQYAMRIWMNPNELNKFQLTPVDVITAIKAQNAQVAAGQLGGTPPVKGQQLNASIIAQTRLTSTEEFGKILLKVNQDGSRVLLRDVAKIELGGENYDIIAEFNGQPASGLGIKLATGANALDTAAAIRAELAKMEPFFPSGLKIVYPYDTTPFVKISIHEVVKTLVEAIILVFLVMYLFLQNFRATLIPTIAVPVVLLGTFAVLAAFGFSINTLTMFGMVLAIGLLVDDAIVVVENVERVMAEEGLPPKEATRKSMGQIQGALVGIAMVLSAVFVPMAFFGGSTGAIYRQFSITIVSAMALSVLVALILTPALCATMLKPIAKGDHGEGKKGFFGWFNRMFEKSTHHYTDSVGGILRSTGRYLVLYLIIVVGMAYLFVRLPSSFLPDEDQGVFMTMVQLPAGATQERTQKVLNEVTHYYLTKEKNNVESVFAVNGFGFAGRGQNTGIAFVSLKDWADRPGEENKVEAITMRATRAFSQIKDAMVFAFNLPAIVELGTATGFDFELIDQAGLGHEKLTQARNQLLAEAAKHPDMLTSVRPNGLEDTPQFKIDIDQEKAQALGVSINDINTTLGAAWGGSYVNDFIDRGRVKKVYVMSEAKYRMLPDDIGDWYVRAADGQMVPFSAFSSSRWEYGSPRLERYNGLPSMEILGQAAPGKSTGEAMELMEQLASKLPTGVGYDWTGMSYQERLSGNQAPSLYAISLIVVFLCLAALYESWSIPFSVMLVVPLGVIGALLAATFRGLTNDVYFQVGLLTTIGLSAKNAILIVEFAKDLMDKEGKGLIEATLDAVRMRLRPILMTSLAFILGVMPLVISTGAGSGAQNAVGTGVMGGMVTATVLAIFFVPVFFVVVRRRFSRKNEDIEHSHTVDHH,1049.0
b3281,P15770,METYAVFGNPIAHSKSPFIHQQFAQQLNIEHPYGRVLAPINDFINTLNAFFSAGGKGANVTVPFKEEAFARADELTERAALAGAVNTLMRLEDGRLLGDNTDGVGLLSDLERLSFIRPGLRILLIGAGGASRGVLLPLLSLDCAVTITNRTVSRAEELAKLFAHTGSIQALSMDELEGHEFDLIINATSSGISGDIPAIPSSLIHPGIYCYDMFYQKGKTPFLAWCEQRGSKRNADGLGMLVAQAAHAFLLWHGVLPDVEPVIKQLQEELSA,272.0,b3281_WT_consensus,METYAVFGNPIAHSKSPFIHQQFAQQLNIEHPYGRVLAPINDFINTLNAFFSAGGKGANVTVPFKEEAFARADELTERAALAGAVNTLMRLEDGRLLGDNTDGVGLLSDLERLSFIRPGLRILLIGAGGASRGVLLPLLSLDCAVTITNRTVSRAEELAKLFAHTGSIQALSMDELEGHEFDLIINATSSGISGDIPAIPSSLIHPGIYCYDMFYQKGKTPFLAWCEQRGSKRNADGLGMLVAQAAHAFLLWHGVLPDVEPVIKQLQEELSA,272.0
b1221,P0AF28,MSNQEPATILLIDDHPMLRTGVKQLISMAPDITVVGEASNGEQGIELAESLDPDLILLDLNMPGMNGLETLDKLREKSLSGRIVVFSVSNHEEDVVTALKRGADGYLLKDMEPEDLLKALHQAAAGEMVLSEALTPVLAASLRANRATTERDVNQLTPRERDILKLIAQGLPNKMIARRLDITESTVKVHVKHMLKKMKLKSRVEAAVWVHQERIF,216.0,b1221_WT_consensus,MSNQEPATILLIDDHPMLRTGVKQLISMAPDITVVGEASNGEQGIELAESLDPDLILLDLNMPGMNGLETLDKLREKSLSGRIVVFSVSNHEEDVVTALKRGADGYLLKDMEPEDLLKALHQAAAGEMVLSEALTPVLAASLRANRATTERDVNQLTPRERDILKLIAQGLPNKMIARRLDITESTVKVHVKHMLKKMKLKSRVEAAVWVHQERIF,216.0
b3035,P02930,MKKLLPILIGLSLSGFSSLSQAENLMQVYQQARLSNPELRKSAADRDAAFEKINEARSPLLPQLGLGADYTYSNGYRDANGINSNATSASLQLTQSIFDMSKWRALTLQEKAAGIQDVTYQTDQQTLILNTATAYFNVLNAIDVLSYTQAQKEAIYRQLDQTTQRFNVGLVAITDVQNARAQYDTVLANEVTARNNLDNAVEQLRQITGNYYPELAALNVENFKTDKPQPVNALLKEAEKRNLSLLQARLSQDLAREQIRQAQDGHLPTLDLTASTGISDTSYSGSKTRGAAGTQYDDSNMGQNKVGLSFSLPIYQGGMVNSQVKQAQYNFVGASEQLESAHRSVVQTVRSSFNNINASISSINAYKQAVVSAQSSLDAMEAGYSVGTRTIVDVLDATTTLYNAKQELANARYNYLINQLNIKSALGTLNEQDLLALNNALSKPVSTNPENVAPQTPEQNAIADGYAPDSPAPVVQQTSARTTTSNGHNPFRN,493.0,b3035_WT_consensus,MKKLLPILIGLSLSGFSSLSQAENLMQVYQQARLSNPELRKSAADRDAAFEKINEARSPLLPQLGLGADYTYSNGYRDANGINSNATSASLQLTQSIFDMSKWRALTLQEKAAGIQDVTYQTDQQTLILNTATAYFNVLNAIDVLSYTQAQKEAIYRQLDQTTQRFNVGLVAITDVQNARAQYDTVLANEVTARNNLDNAVEQLRQITGNYYPELAALNVENFKTDKPQPVNALLKEAEKRNLSLLQARLSQDLAREQIRQAQDGHLPTLDLTASTGISDTSYSGSKTRGAAGTQYDDSNMGQNKVGLSFSLPIYQGGMVNSQVKQAQYNFVGASEQLESAHRSVVQTVRSSFNNINASISSINAYKQAVVSAQSSLDAMEAGYSVGTRTIVDVLDATTTLYNAKQELANARYNYLINQLNIKSALGTLNEQDLLALNNALSKPVSTNPENVAPQTPEQNAIADGYAPDSPAPVVQQTSARTTTSNGHNPFRN,493.0
b3241,P46482,MKTLIRKFSRTAITVVLVILAFIAIFNAWVYYTESPWTRDARFSADVVAIAPDVSGLITQVNVHDNQLVKKGQILFTIDQPRYQKALEEAQADVAYYQVLAQEKRQEAGRRNRLGVQAMSREEIDQANNVLQTVLHQLAKAQATRDLAKLDLERTVIRAPADGWVTNLNVYTGEFITRGSTAVALVKQNSFYVLAYMEETKLEGVRPGYRAEITPLGSNKVLKGTVDSVAAGVTNASSTRDDKGMATIDSNLEWVRLAQRVPVRIRLDNQQENIWPAGTTATVVVTGKQDRDESQDSFFRKMAHRLREFG,310.0,b3241_WT_consensus,MKTLIRKFSRTAITVVLVILAFIAIFNAWVYYTESPWTRDARFSADVVAIAPDVSGLITQVNVHDNQLVKKGQILFTIDQPRYQKALEEAQADVAYYQVLAQEKRQEAGRRNRLGVQAMSREEIDQANNVLQTVLHQLAKAQATRDLAKLDLERTVIRAPADGWVTNLNVYTGEFITRGSTAVALVKQNSFYVLAYMEETKLEGVRPGYRAEITPLGSNKVLKGTVDSVAAGVTNASSTRDDKGMATIDSNLEWVRLAQRVPVRIRLDNQQENIWPAGTTATVVVTGKQDRDESQDSFFRKMAHRLREFG,310.0
