,pdb_id,release_date,resolution,structure_type
0,3EH0,2009-08-18T00:00:00Z,2.6,experimental
1,6P89,2019-08-28T00:00:00Z,1.4,experimental
2,6P83,2019-08-28T00:00:00Z,1.7,experimental
3,6P84,2019-08-28T00:00:00Z,1.7,experimental
4,6P88,2019-08-28T00:00:00Z,1.7,experimental
5,6P86,2019-08-28T00:00:00Z,1.8,experimental
6,6P8A,2019-08-28T00:00:00Z,1.8,experimental
7,6P85,2019-08-28T00:00:00Z,1.9,experimental
8,6P87,2019-08-28T00:00:00Z,1.9,experimental
9,6P8B,2019-08-28T00:00:00Z,2.0,experimental
10,4IHF,2013-11-13T00:00:00Z,2.1,experimental
11,4IHH,2013-11-13T00:00:00Z,2.132,experimental
12,4IHG,2013-11-13T00:00:00Z,2.89,experimental
13,7VT9,2022-10-26T00:00:00Z,3.3,experimental
14,5BN7,2015-08-12T00:00:00Z,3.7,experimental
15,4DX5,2012-05-02T00:00:00Z,1.9,experimental
16,4U95,2014-10-15T00:00:00Z,2.0,experimental
17,4U8Y,2014-10-15T00:00:00Z,2.099,experimental
18,4U96,2014-10-22T00:00:00Z,2.2,experimental
19,4DX7,2012-05-02T00:00:00Z,2.253,experimental
20,4U8V,2014-10-15T00:00:00Z,2.298,experimental
21,6ZO6,2021-05-19T00:00:00Z,2.35,experimental
22,7OUM,2021-12-29T00:00:00Z,2.45,experimental
23,5JMN,2016-12-21T00:00:00Z,2.5,experimental
24,6ZO5,2021-05-19T00:00:00Z,2.5,experimental
25,6ZO8,2021-05-19T00:00:00Z,2.5,experimental
26,2J8S,2007-01-23T00:00:00Z,2.54,experimental
27,7OUK,2021-12-29T00:00:00Z,2.6,experimental
28,3NOC,2011-05-18T00:00:00Z,2.7,experimental
29,6ZO9,2021-05-19T00:00:00Z,2.7,experimental
30,6ZOG,2021-05-19T00:00:00Z,2.75,experimental
31,2DHH,2006-08-22T00:00:00Z,2.8,experimental
32,6Q4N,2019-11-13T00:00:00Z,2.8,experimental
33,6Q4O,2019-11-13T00:00:00Z,2.8,experimental
34,6Q4P,2019-11-13T00:00:00Z,2.8,experimental
35,6ZOB,2021-05-19T00:00:00Z,2.8,experimental
36,6ZOH,2021-05-19T00:00:00Z,2.8,experimental
37,7OUL,2021-12-29T00:00:00Z,2.8,experimental
38,6ZO7,2021-05-19T00:00:00Z,2.85,experimental
39,6ZOD,2021-05-19T00:00:00Z,2.85,experimental
40,6ZOE,2021-05-19T00:00:00Z,2.85,experimental
41,6ZOC,2021-05-19T00:00:00Z,2.89,experimental
42,2GIF,2006-09-12T00:00:00Z,2.9,experimental
43,4DX6,2012-05-02T00:00:00Z,2.9,experimental
44,2HRT,2006-09-12T00:00:00Z,3.0,experimental
45,6CSX,2018-12-05T00:00:00Z,3.0,experimental
46,6ZOA,2021-05-19T00:00:00Z,3.05,experimental
47,7RR7,2022-08-17T00:00:00Z,3.05,experimental
48,1T9X,2005-10-04T00:00:00Z,3.08,experimental
49,2DRD,2006-08-22T00:00:00Z,3.1,experimental
50,2I6W,2007-05-01T00:00:00Z,3.1,experimental
51,7RR6,2022-08-17T00:00:00Z,3.1,experimental
52,1T9U,2005-10-04T00:00:00Z,3.11,experimental
53,4ZIV,2016-07-27T00:00:00Z,3.16,experimental
54,6SGR,2020-05-13T00:00:00Z,3.17,experimental
55,5NC5,2017-04-12T00:00:00Z,3.2,experimental
56,6BAJ,2018-12-19T00:00:00Z,3.2,experimental
57,6SGS,2020-05-13T00:00:00Z,3.2,experimental
58,1T9T,2005-10-04T00:00:00Z,3.23,experimental
59,1T9W,2005-10-04T00:00:00Z,3.23,experimental
60,4ZLJ,2016-09-14T00:00:00Z,3.257,experimental
61,6SGU,2020-05-13T00:00:00Z,3.27,experimental
62,4ZIT,2016-07-27T00:00:00Z,3.296,experimental
63,2DR6,2006-08-22T00:00:00Z,3.3,experimental
64,3AOD,2011-11-30T00:00:00Z,3.3,experimental
65,6ZOF,2021-05-19T00:00:00Z,3.3,experimental
66,3AOC,2011-11-30T00:00:00Z,3.34,experimental
67,3NOG,2011-05-18T00:00:00Z,3.34,experimental
68,3AOA,2011-11-30T00:00:00Z,3.35,experimental
69,3AOB,2011-11-30T00:00:00Z,3.35,experimental
70,4ZLL,2016-09-14T00:00:00Z,3.36,experimental
71,2HQF,2007-04-17T00:00:00Z,3.38,experimental
72,2HQG,2007-04-17T00:00:00Z,3.38,experimental
73,3D9B,2008-07-01T00:00:00Z,3.42,experimental
74,6SGT,2020-05-13T00:00:00Z,3.46,experimental
75,4ZJL,2016-07-27T00:00:00Z,3.47,experimental
76,1OYE,2003-05-13T00:00:00Z,3.48,experimental
77,1IWG,2002-10-23T00:00:00Z,3.5,experimental
78,2RDD,2007-12-11T00:00:00Z,3.5,experimental
79,4K7Q,2013-07-03T00:00:00Z,3.5,experimental
80,7RR8,2022-08-17T00:00:00Z,3.51,experimental
81,7O3L,2022-04-13T00:00:00Z,3.526,experimental
82,7O3M,2022-04-13T00:00:00Z,3.551,experimental
83,2HQC,2007-04-17T00:00:00Z,3.56,experimental
84,7O3N,2022-04-13T00:00:00Z,3.561,experimental
85,4ZJO,2016-07-27T00:00:00Z,3.6,experimental
86,1OY8,2003-05-13T00:00:00Z,3.63,experimental
87,1T9Y,2005-10-04T00:00:00Z,3.64,experimental
88,2HQD,2007-04-17T00:00:00Z,3.65,experimental
89,1OY6,2003-05-13T00:00:00Z,3.68,experimental
90,4CDI,2014-04-30T00:00:00Z,3.7,experimental
91,1OY9,2003-05-13T00:00:00Z,3.8,experimental
92,1OYD,2003-05-13T00:00:00Z,3.8,experimental
93,1T9V,2005-10-04T00:00:00Z,3.8,experimental
94,2W1B,2008-12-09T00:00:00Z,3.85,experimental
95,5O66,2017-06-14T00:00:00Z,5.9,experimental
96,5NG5,2017-04-19T00:00:00Z,6.5,experimental
97,5V5S,2017-04-19T00:00:00Z,6.5,experimental
98,7B5P,2021-12-08T00:00:00Z,3.2,experimental
99,4C48,2014-04-30T00:00:00Z,3.3,experimental
100,5YIL,2017-11-15T00:00:00Z,3.0,experimental
101,4ZIW,2016-07-27T00:00:00Z,3.399,experimental
102,4ZLN,2016-09-14T00:00:00Z,3.557,experimental
103,4ZJQ,2016-07-27T00:00:00Z,3.592,experimental
104,3W9H,2013-07-03T00:00:00Z,3.05,experimental
105,5ENQ,2016-04-06T00:00:00Z,1.8,experimental
106,5ENP,2016-04-06T00:00:00Z,1.9,experimental
107,7B8R,2021-10-20T00:00:00Z,2.1,experimental
108,5ENO,2016-04-06T00:00:00Z,2.2,experimental
109,5EN5,2016-04-06T00:00:00Z,2.3,experimental
110,5ENR,2016-04-06T00:00:00Z,2.3,experimental
111,7B8S,2021-10-20T00:00:00Z,2.3,experimental
112,5ENT,2016-04-06T00:00:00Z,2.5,experimental
113,7B8T,2021-10-20T00:00:00Z,2.7,experimental
114,5ENS,2016-04-06T00:00:00Z,2.8,experimental
115,2F1M,2006-03-21T00:00:00Z,2.71,experimental
116,1YOE,2006-01-17T00:00:00Z,1.78,experimental
117,3G5I,2010-02-09T00:00:00Z,2.1,experimental
118,7A46,2020-11-18T00:00:00Z,3.0,experimental
119,5NIK,2017-05-24T00:00:00Z,3.3,experimental
120,5NIL,2017-05-24T00:00:00Z,5.3,experimental
121,3FPP,2009-04-28T00:00:00Z,2.99,experimental
122,5LJ9,2017-11-15T00:00:00Z,2.3,experimental
123,5LJA,2017-11-15T00:00:00Z,2.4,experimental
124,5LJ8,2017-11-15T00:00:00Z,1.95,experimental
125,1A04,1998-03-18T00:00:00Z,2.2,experimental
126,1RNL,1996-11-08T00:00:00Z,2.4,experimental
127,1JE8,2002-09-27T00:00:00Z,2.12,experimental
128,1ZG1,2005-11-22T00:00:00Z,2.3,experimental
129,1ZG5,2005-11-22T00:00:00Z,2.3,experimental
130,1R9L,2004-02-24T00:00:00Z,1.59,experimental
131,1R9Q,2004-02-24T00:00:00Z,2.05,experimental
132,1TQQ,2004-07-20T00:00:00Z,2.75,experimental
133,6WXI,2021-05-12T00:00:00Z,2.84,experimental
134,6WXH,2021-05-12T00:00:00Z,3.09,experimental
135,1EK9,2000-06-28T00:00:00Z,2.1,experimental
136,2XMN,2011-01-26T00:00:00Z,2.85,experimental
137,2WMZ,2011-01-26T00:00:00Z,2.9,experimental
138,2VDE,2008-04-22T00:00:00Z,3.2,experimental
139,2VDD,2008-04-22T00:00:00Z,3.3,experimental
140,1NYT,2003-03-04T00:00:00Z,1.5,experimental
141,5ZXG,2018-09-12T00:00:00Z,2.4,experimental
142,5T3Y,2016-09-14T00:00:00Z,"['n', 'u', 'l', 'l']",experimental
143,4WUL,2015-05-06T00:00:00Z,2.4,experimental
144,2EGG,2008-03-18T00:00:00Z,2.25,experimental
145,7KF8,2021-04-14T00:00:00Z,3.0,experimental
146,2IU9,2007-02-20T00:00:00Z,3.1,experimental
147,5LJ7,2017-11-15T00:00:00Z,3.25,experimental
148,7AKZ,2022-04-13T00:00:00Z,3.2,experimental
149,4YN8,2015-08-19T00:00:00Z,1.8,experimental
150,7TCG,2022-04-06T00:00:00Z,3.8,experimental
151,7ESG,2022-07-20T00:00:00Z,2.53,experimental
152,7U5S,2022-05-04T00:00:00Z,4.16,experimental
153,2EWV,2006-11-21T00:00:00Z,2.8,experimental
154,7P0X,2022-04-06T00:00:00Z,2.55,experimental
155,7ZDV,2023-04-19T00:00:00Z,3.05,experimental
156,8DZE,2022-10-26T00:00:00Z,2.99,experimental
157,1KIC,2002-05-15T00:00:00Z,1.6,experimental
158,1VFM,2005-02-08T00:00:00Z,2.9,experimental
159,1ZH4,2005-12-13T00:00:00Z,2.2,experimental
160,6CGT,1998-10-14T00:00:00Z,2.6,experimental
161,3P4I,2010-11-10T00:00:00Z,2.35,experimental
162,7X1R,2022-12-14T00:00:00Z,3.9,experimental
163,2GUY,2006-08-15T00:00:00Z,1.59,experimental
164,5S9T,2022-06-15T00:00:00Z,1.66,experimental
165,2EQ9,2008-04-01T00:00:00Z,2.09,experimental
166,4IHQ,2013-03-06T00:00:00Z,2.0,experimental
167,7W78,2022-06-22T00:00:00Z,2.884,experimental
168,1LWJ,2002-08-14T00:00:00Z,2.5,experimental
169,1FEA,1997-01-11T00:00:00Z,2.2,experimental
170,3PWZ,2011-09-28T00:00:00Z,1.705,experimental
171,2UY7,2007-05-29T00:00:00Z,2.6,experimental
172,2EWW,2006-11-21T00:00:00Z,3.2,experimental
173,5DZS,2015-10-07T00:00:00Z,1.5,experimental
174,5LIL,2017-11-15T00:00:00Z,3.35,experimental
175,6BTL,2018-06-06T00:00:00Z,2.797,experimental
176,6KOD,2020-02-05T00:00:00Z,3.0,experimental
177,6SAU,2019-10-23T00:00:00Z,1.35,experimental
178,7VE6,2022-05-18T00:00:00Z,2.77,experimental
179,7PH2,2022-08-24T00:00:00Z,3.7,experimental
180,7SSJ,2022-11-16T00:00:00Z,2.52,experimental
181,3C1D,2008-07-15T00:00:00Z,1.8,experimental
182,2WPF,2010-10-13T00:00:00Z,1.9,experimental
183,5TV4,2017-09-20T00:00:00Z,4.2,experimental
184,1VFO,2005-02-08T00:00:00Z,2.81,experimental
185,1MW3,2002-12-18T00:00:00Z,2.0,experimental
186,3A10,2009-10-20T00:00:00Z,1.63,experimental
187,7TCH,2022-04-06T00:00:00Z,3.7,experimental
188,4AYX,2012-07-11T00:00:00Z,2.9,experimental
189,6DU7,2019-01-16T00:00:00Z,2.56,experimental
190,4HOW,2013-10-16T00:00:00Z,1.7,experimental
191,4YMT,2015-04-22T00:00:00Z,2.599,experimental
192,3DK4,2008-08-05T00:00:00Z,1.2,experimental
193,4A76,2012-09-05T00:00:00Z,1.92,experimental
194,3DOO,2009-05-05T00:00:00Z,2.2,experimental
195,1OXV,2003-06-17T00:00:00Z,1.95,experimental
196,6IOL,2019-04-03T00:00:00Z,3.76,experimental
197,2BC1,2006-10-31T00:00:00Z,2.15,experimental
198,2F52,2006-09-19T00:00:00Z,"['n', 'u', 'l', 'l']",experimental
199,1MAS,1996-08-17T00:00:00Z,2.5,experimental
200,2ZZC,2009-08-18T00:00:00Z,2.6,experimental
201,3ICR,2009-11-17T00:00:00Z,2.1,experimental
202,3TRZ,2011-11-16T00:00:00Z,2.9,experimental
203,7PVA,2022-12-14T00:00:00Z,1.91,experimental
204,4LA1,2014-07-30T00:00:00Z,2.348,experimental
205,1JF5,2002-05-22T00:00:00Z,3.2,experimental
206,5S9Z,2022-06-15T00:00:00Z,1.73,experimental
207,1FEB,1997-01-11T00:00:00Z,2.0,experimental
208,3AXI,2011-10-05T00:00:00Z,1.4,experimental
209,4HOX,2013-11-13T00:00:00Z,2.0,experimental
210,6S8H,2019-09-25T00:00:00Z,3.7,experimental
211,3NT6,2010-12-08T00:00:00Z,2.0,experimental
212,1S46,2004-03-23T00:00:00Z,2.2,experimental
213,2IUA,2007-02-20T00:00:00Z,2.7,experimental
214,2D5C,2006-05-01T00:00:00Z,1.65,experimental
215,3NTA,2010-12-08T00:00:00Z,2.01,experimental
216,1CSQ,1995-05-12T00:00:00Z,2.7,experimental
217,6MHU,2019-04-03T00:00:00Z,4.0,experimental
218,3LTE,2010-03-31T00:00:00Z,2.0,experimental
219,2PT7,2007-11-13T00:00:00Z,2.4,experimental
220,7NNU,2021-08-18T00:00:00Z,2.7,experimental
221,6UZ2,2020-03-04T00:00:00Z,4.2,experimental
222,4FWR,2013-06-19T00:00:00Z,3.0,experimental
223,2V50,2009-05-19T00:00:00Z,3.0,experimental
224,5GTW,2017-08-30T00:00:00Z,2.93,experimental
225,6SAV,2019-10-23T00:00:00Z,1.4,experimental
226,4LX8,2013-10-09T00:00:00Z,2.2,experimental
227,5DO8,2015-09-30T00:00:00Z,1.8,experimental
228,1ZY8,2005-11-15T00:00:00Z,2.59,experimental
229,1PEZ,2003-10-28T00:00:00Z,2.32,experimental
230,1X3M,2005-09-27T00:00:00Z,2.2,experimental
231,7R8E,2021-09-08T00:00:00Z,3.7,experimental
232,1M53,2003-07-08T00:00:00Z,2.2,experimental
233,4LDZ,2014-07-16T00:00:00Z,2.31,experimental
234,4TVU,2014-12-17T00:00:00Z,2.7,experimental
235,5U25,2016-12-21T00:00:00Z,2.3,experimental
236,3JWN,2010-06-16T00:00:00Z,2.69,experimental
237,6RH8,2020-02-19T00:00:00Z,1.9,experimental
238,3IWA,2009-10-06T00:00:00Z,2.3,experimental
239,3K0I,2010-10-13T00:00:00Z,4.116,experimental
240,3CAM,2008-03-25T00:00:00Z,2.6,experimental
241,3PF5,2011-09-21T00:00:00Z,1.68,experimental
242,7D0A,2020-12-16T00:00:00Z,4.0,experimental
243,5E3J,2016-05-04T00:00:00Z,2.1,experimental
244,4M1M,2013-11-13T00:00:00Z,3.8,experimental
245,6EJF,2018-08-01T00:00:00Z,8.0,experimental
246,6IOY,2019-04-24T00:00:00Z,1.94,experimental
247,7D7N,2020-10-21T00:00:00Z,5.2,experimental
248,5ED4,2016-04-27T00:00:00Z,2.4,experimental
249,6Z67,2020-09-02T00:00:00Z,2.4,experimental
250,6EBR,2019-11-13T00:00:00Z,1.816,experimental
251,8AVX,2022-12-21T00:00:00Z,3.5,experimental
252,4DK0,2012-03-07T00:00:00Z,3.5,experimental
253,5K93,2016-07-20T00:00:00Z,2.7,experimental
254,4H4S,2013-10-09T00:00:00Z,1.65,experimental
255,4FWQ,2013-06-19T00:00:00Z,2.65,experimental
256,6UJP,2020-05-27T00:00:00Z,3.98,experimental
257,6RGZ,2020-02-19T00:00:00Z,2.35,experimental
258,3W9J,2013-07-03T00:00:00Z,3.15,experimental
259,4KHZ,2013-10-23T00:00:00Z,2.9,experimental
260,6Q81,2018-12-26T00:00:00Z,7.9,experimental
261,4KSR,2013-09-04T00:00:00Z,4.2,experimental
262,1DTU,2000-03-06T00:00:00Z,2.4,experimental
263,3PGJ,2010-11-24T00:00:00Z,2.49,experimental
264,5FL3,2015-11-11T00:00:00Z,2.52,experimental
265,3VX0,2013-09-11T00:00:00Z,1.5,experimental
266,1K4Q,2002-01-30T00:00:00Z,1.9,experimental
267,3PUX,2011-08-10T00:00:00Z,2.3,experimental
268,4KPN,2013-11-27T00:00:00Z,3.35,experimental
269,4TKO,2014-07-09T00:00:00Z,2.85,experimental
270,2J3N,2007-07-03T00:00:00Z,2.8,experimental
271,1OPX,2003-05-06T00:00:00Z,2.8,experimental
272,4AYW,2012-07-11T00:00:00Z,3.3,experimental
273,3G5U,2009-03-24T00:00:00Z,3.8,experimental
274,5W1L,2017-11-22T00:00:00Z,2.88,experimental
275,1J0K,2003-01-28T00:00:00Z,3.2,experimental
276,3FBT,2008-12-09T00:00:00Z,2.1,experimental
277,3DK8,2008-08-05T00:00:00Z,1.1,experimental
278,4FWI,2013-01-30T00:00:00Z,2.892,experimental
279,6ZG3,2021-03-03T00:00:00Z,2.8,experimental
280,7NIW,2021-08-25T00:00:00Z,3.8,experimental
281,3Q6J,2011-02-16T00:00:00Z,1.92,experimental
282,1V43,2004-11-16T00:00:00Z,2.2,experimental
283,8CGT,1998-10-14T00:00:00Z,2.4,experimental
284,6BA1,2018-10-17T00:00:00Z,2.9,experimental
285,5S9U,2022-06-15T00:00:00Z,1.73,experimental
286,6YUP,2021-01-20T00:00:00Z,2.9,experimental
287,2OUK,2008-01-15T00:00:00Z,2.15,experimental
288,1CSP,1995-05-12T00:00:00Z,2.45,experimental
289,7ZDK,2023-04-19T00:00:00Z,3.01,experimental
290,6XSJ,2020-10-14T00:00:00Z,1.4,experimental
291,6KTC,2020-02-05T00:00:00Z,2.008,experimental
292,4H4Q,2013-10-09T00:00:00Z,1.95,experimental
293,5WQ0,2017-03-22T00:00:00Z,2.604,experimental
294,1V3M,2004-08-03T00:00:00Z,2.0,experimental
295,3PUV,2011-08-10T00:00:00Z,2.4,experimental
296,6ZK3,2022-01-12T00:00:00Z,1.75,experimental
297,6EB7,2019-11-13T00:00:00Z,1.58,experimental
298,3GEW,2009-10-20T00:00:00Z,2.0,experimental
299,1ZH2,2005-12-13T00:00:00Z,2.0,experimental
300,7KGD,2021-03-10T00:00:00Z,3.64,experimental
301,2HAX,2007-04-24T00:00:00Z,1.29,experimental
302,3RNM,2011-05-04T00:00:00Z,2.4,experimental
303,6KYY,2020-02-05T00:00:00Z,2.8,experimental
304,2FF7,2006-08-08T00:00:00Z,1.6,experimental
305,1CXH,1995-12-15T00:00:00Z,2.41,experimental
306,7NF8,2022-01-19T00:00:00Z,2.83,experimental
307,7OTG,2021-12-08T00:00:00Z,5.4,experimental
308,3B2N,2007-10-30T00:00:00Z,2.04,experimental
309,6FTC,2018-06-06T00:00:00Z,1.8,experimental
310,1A47,1998-06-17T00:00:00Z,2.56,experimental
311,7M4P,2021-05-19T00:00:00Z,2.86,experimental
312,3T51,2012-06-20T00:00:00Z,3.9,experimental
313,6RH1,2020-02-19T00:00:00Z,2.0,experimental
314,2I5M,2007-05-22T00:00:00Z,2.3,experimental
315,5S9V,2022-06-15T00:00:00Z,1.9,experimental
316,2HQM,2007-06-12T00:00:00Z,2.4,experimental
317,4H4R,2013-10-09T00:00:00Z,1.4,experimental
318,7DNY,2022-06-22T00:00:00Z,3.4,experimental
319,1ZY2,2005-08-16T00:00:00Z,3.03,experimental
320,1GEU,1994-11-01T00:00:00Z,2.2,experimental
321,3ICS,2009-11-17T00:00:00Z,1.94,experimental
322,6C40,2018-10-17T00:00:00Z,2.7,experimental
323,7E1A,2022-02-09T00:00:00Z,3.66,experimental
324,7ZKB,2023-04-26T00:00:00Z,4.7,experimental
325,1G5A,2001-10-31T00:00:00Z,1.4,experimental
326,1NXV,2004-02-17T00:00:00Z,2.0,experimental
327,5W1J,2017-11-22T00:00:00Z,2.7,experimental
328,4WU4,2015-05-06T00:00:00Z,2.3,experimental
329,1WZA,2006-04-11T00:00:00Z,1.6,experimental
330,3H1G,2010-03-09T00:00:00Z,1.7,experimental
331,1WP1,2004-11-02T00:00:00Z,2.56,experimental
332,6FN4,2018-02-21T00:00:00Z,4.14,experimental
333,7MEW,2021-10-06T00:00:00Z,3.9,experimental
334,2LXJ,2013-08-07T00:00:00Z,"['n', 'u', 'l', 'l']",experimental
335,6T7S,2020-09-16T00:00:00Z,4.5,experimental
336,3KWX,2009-12-29T00:00:00Z,2.4,experimental
337,2IU8,2007-02-20T00:00:00Z,2.2,experimental
338,4JAV,2013-09-04T00:00:00Z,3.1,experimental
339,6SWL,2020-10-14T00:00:00Z,2.17,experimental
340,3EDE,2009-03-03T00:00:00Z,1.71,experimental
341,5BRQ,2016-03-02T00:00:00Z,2.003,experimental
342,6UEC,2019-11-13T00:00:00Z,2.6,experimental
343,5ZFQ,2018-09-19T00:00:00Z,2.6,experimental
344,2FSP,1997-12-10T00:00:00Z,"['n', 'u', 'l', 'l']",experimental
345,1UKS,2004-02-24T00:00:00Z,1.9,experimental
346,3B5X,2007-12-04T00:00:00Z,5.5,experimental
347,1QMP,1999-11-14T00:00:00Z,2.0,experimental
348,7OCY,2022-05-18T00:00:00Z,4.25,experimental
349,1KIU,2002-06-05T00:00:00Z,3.0,experimental
350,7LKP,2021-03-03T00:00:00Z,3.27,experimental
351,5ZCB,2018-12-26T00:00:00Z,2.5,experimental
352,7KF7,2021-04-14T00:00:00Z,2.8,experimental
353,6P9P,2020-03-11T00:00:00Z,2.0,experimental
354,5S9W,2022-06-15T00:00:00Z,1.96,experimental
355,5SWV,2016-12-21T00:00:00Z,2.65,experimental
356,3O8Q,2010-08-18T00:00:00Z,1.45,experimental
357,4TQU,2015-07-22T00:00:00Z,3.204,experimental
358,2HYD,2006-09-05T00:00:00Z,3.0,experimental
359,6ZK1,2022-01-12T00:00:00Z,1.99,experimental
360,2NVK,2007-04-24T00:00:00Z,2.4,experimental
361,3KLO,2010-02-09T00:00:00Z,2.802,experimental
362,6GEF,2018-05-30T00:00:00Z,2.75,experimental
363,6I4Z,2019-11-20T00:00:00Z,2.342,experimental
364,6OEX,2019-07-31T00:00:00Z,2.1,experimental
365,7W7C,2022-06-22T00:00:00Z,2.8,experimental
366,6HG8,2019-09-04T00:00:00Z,1.76,experimental
367,2YVG,2007-10-16T00:00:00Z,1.6,experimental
368,4YWO,2015-09-16T00:00:00Z,1.62,experimental
369,1PJ9,2004-02-03T00:00:00Z,2.0,experimental
370,1ZKQ,2005-11-01T00:00:00Z,2.6,experimental
371,3CWO,2008-07-08T00:00:00Z,3.1,experimental
372,4R86,2014-10-08T00:00:00Z,3.001,experimental
373,7MC0,2021-09-01T00:00:00Z,3.3,experimental
374,1N0L,2002-12-11T00:00:00Z,2.3,experimental
375,3H1F,2010-03-09T00:00:00Z,2.2,experimental
376,4I72,2013-08-07T00:00:00Z,2.05,experimental
377,2X8H,2010-07-21T00:00:00Z,1.9,experimental
378,7NDF,2022-03-02T00:00:00Z,2.1,experimental
379,3Q9S,2012-01-11T00:00:00Z,2.4,experimental
380,7MBZ,2021-09-01T00:00:00Z,6.4,experimental
381,6YQ7,2020-06-10T00:00:00Z,1.58,experimental
382,7LHI,2021-08-11T00:00:00Z,7.6,experimental
383,2EQ8,2008-04-01T00:00:00Z,1.94,experimental
384,1CYG,1995-02-27T00:00:00Z,2.5,experimental
385,3JTE,2009-09-22T00:00:00Z,1.9,experimental
386,1R4F,2004-04-13T00:00:00Z,2.3,experimental
387,5U8W,2017-02-15T00:00:00Z,1.79,experimental
388,7OTI,2021-12-08T00:00:00Z,4.2,experimental
389,3GBE,2009-05-26T00:00:00Z,1.7,experimental
390,6QEE,2019-02-27T00:00:00Z,3.9,experimental
391,5SA3,2022-06-15T00:00:00Z,1.74,experimental
392,7O9W,2022-01-12T00:00:00Z,3.5,experimental
393,3TIF,2012-03-21T00:00:00Z,1.7995,experimental
394,1QUN,1999-08-31T00:00:00Z,2.8,experimental
395,4XIJ,2015-02-11T00:00:00Z,1.45,experimental
396,7LCM,2021-04-07T00:00:00Z,1.91,experimental
397,5TSH,2017-05-17T00:00:00Z,2.3,experimental
398,4HUQ,2013-04-17T00:00:00Z,2.998,experimental
399,1GRG,1994-01-31T00:00:00Z,2.0,experimental
400,5C59,2016-06-22T00:00:00Z,3.0,experimental
401,4QPJ,2015-07-15T00:00:00Z,2.742,experimental
402,5LJ6,2017-11-15T00:00:00Z,3.9,experimental
403,1GRT,1997-06-16T00:00:00Z,2.3,experimental
404,3GWG,2010-03-09T00:00:00Z,1.8,experimental
405,4LE2,2014-07-16T00:00:00Z,2.54,experimental
406,6SWB,2020-10-14T00:00:00Z,2.259,experimental
407,7ZK8,2023-04-26T00:00:00Z,3.0,experimental
408,6P9T,2020-03-11T00:00:00Z,1.75,experimental
409,6OEZ,2019-07-31T00:00:00Z,2.5,experimental
410,1NMG,1996-07-11T00:00:00Z,"['n', 'u', 'l', 'l']",experimental
411,4M2S,2013-11-13T00:00:00Z,4.4,experimental
412,7ZDU,2023-04-19T00:00:00Z,2.98,experimental
413,1ZX9,2005-07-05T00:00:00Z,1.9,experimental
414,2CHE,1994-04-30T00:00:00Z,1.8,experimental
415,1BHY,1998-11-04T00:00:00Z,4.18,experimental
416,4PHT,2014-11-26T00:00:00Z,2.83,experimental
417,4Q9K,2015-03-04T00:00:00Z,3.8,experimental
418,2FFB,2006-08-08T00:00:00Z,1.9,experimental
419,2ZE0,2007-12-18T00:00:00Z,2.0,experimental
420,4I70,2013-08-07T00:00:00Z,1.6,experimental
421,1B00,1999-11-19T00:00:00Z,1.88,experimental
422,1NVT,2003-03-25T00:00:00Z,2.35,experimental
423,4GI9,2013-02-13T00:00:00Z,2.15,experimental
424,4JCL,2014-02-26T00:00:00Z,1.7,experimental
425,6IFH,2019-01-16T00:00:00Z,1.8,experimental
426,4QWV,2016-01-27T00:00:00Z,2.447,experimental
427,3LNN,2010-06-30T00:00:00Z,2.796,experimental
428,2A9P,2006-09-26T00:00:00Z,1.82,experimental
429,6WNI,2021-04-28T00:00:00Z,1.66,experimental
430,3ICT,2009-11-17T00:00:00Z,2.1,experimental
431,2C3C,2005-12-12T00:00:00Z,2.15,experimental
432,3OLX,2011-08-31T00:00:00Z,2.1,experimental
433,4H4U,2013-10-09T00:00:00Z,1.6,experimental
434,6S8G,2019-09-25T00:00:00Z,3.5,experimental
435,3DHW,2008-08-05T00:00:00Z,3.7,experimental
436,5HM6,2017-01-18T00:00:00Z,2.0,experimental
437,2QIV,2007-10-02T00:00:00Z,1.85,experimental
438,5IUK,2016-12-21T00:00:00Z,2.9,experimental
439,3AXH,2011-10-05T00:00:00Z,1.8,experimental
440,4XH4,2015-08-19T00:00:00Z,1.8,experimental
441,6Z4W,2020-09-02T00:00:00Z,1.36,experimental
442,1UOK,1999-02-16T00:00:00Z,2.0,experimental
443,6ONT,2020-03-25T00:00:00Z,1.803,experimental
444,1XEF,2005-06-07T00:00:00Z,2.5,experimental
445,2YVJ,2007-10-23T00:00:00Z,1.9,experimental
446,4E6T,2012-12-12T00:00:00Z,1.8,experimental
447,8DCK,2022-09-14T00:00:00Z,3.4,experimental
448,4FQ8,2012-12-26T00:00:00Z,2.07,experimental
449,1P9R,2003-10-14T00:00:00Z,2.5,experimental
450,1UH2,2004-01-13T00:00:00Z,2.0,experimental
451,5DCL,2016-03-16T00:00:00Z,1.41,experimental
452,6C0V,2018-01-31T00:00:00Z,3.4,experimental
453,6I4P,2019-11-20T00:00:00Z,1.6,experimental
454,6R72,2020-05-06T00:00:00Z,3.95,experimental
455,1MVY,2002-12-18T00:00:00Z,2.0,experimental
456,6SAO,2019-10-23T00:00:00Z,1.2,experimental
457,2IYN,2006-08-30T00:00:00Z,2.08,experimental
458,3NH9,2010-08-25T00:00:00Z,2.1,experimental
459,7PVJ,2022-04-06T00:00:00Z,3.1,experimental
460,7F3L,2022-06-22T00:00:00Z,1.88,experimental
461,2CO6,2006-06-27T00:00:00Z,2.0,experimental
462,2E20,2007-09-18T00:00:00Z,2.4,experimental
463,7ZOA,2022-12-07T00:00:00Z,4.0,experimental
464,4DNT,2012-06-20T00:00:00Z,3.1,experimental
465,2WMP,2010-08-25T00:00:00Z,2.3,experimental
466,3Q48,2011-02-09T00:00:00Z,2.5,experimental
467,4A4I,2012-08-08T00:00:00Z,1.95,experimental
468,2E1Z,2007-09-18T00:00:00Z,1.98,experimental
469,4MAZ,2013-09-25T00:00:00Z,1.6,experimental
470,1OJT,1997-10-15T00:00:00Z,2.75,experimental
471,3A0U,2009-10-20T00:00:00Z,1.66,experimental
472,4TMY,1997-12-03T00:00:00Z,2.8,experimental
473,2JB9,2007-01-04T00:00:00Z,1.7,experimental
474,3FVQ,2009-08-25T00:00:00Z,1.9,experimental
475,7OKC,2021-10-06T00:00:00Z,1.84,experimental
476,1Q1E,2003-09-30T00:00:00Z,2.9,experimental
477,6FNP,2018-07-25T00:00:00Z,3.4,experimental
478,2Q0H,2008-06-10T00:00:00Z,2.2,experimental
479,2A8X,2005-08-16T00:00:00Z,2.4,experimental
480,6ZLB,2021-05-19T00:00:00Z,1.9,experimental
481,6OLL,2019-11-20T00:00:00Z,4.1,experimental
482,2LSS,2012-05-16T00:00:00Z,"['n', 'u', 'l', 'l']",experimental
483,6EKG,2018-01-31T00:00:00Z,1.15,experimental
484,6MGF,2019-09-18T00:00:00Z,2.982,experimental
485,7EHI,2021-08-11T00:00:00Z,1.69,experimental
486,4AA7,2012-08-15T00:00:00Z,2.0,experimental
487,3R9P,2011-05-04T00:00:00Z,1.9,experimental
488,2RAB,2008-02-19T00:00:00Z,2.5,experimental
489,5N6V,2018-03-07T00:00:00Z,1.6,experimental
490,3U62,2011-11-16T00:00:00Z,1.45,experimental
491,3DPA,1991-10-15T00:00:00Z,2.5,experimental
492,7ZKA,2023-04-26T00:00:00Z,2.9,experimental
493,6Z5U,2021-05-05T00:00:00Z,3.9,experimental
494,4JAS,2013-09-04T00:00:00Z,3.0,experimental
495,5TSG,2017-05-17T00:00:00Z,3.4011,experimental
496,4E7P,2012-05-23T00:00:00Z,1.892,experimental
497,4E7O,2012-05-23T00:00:00Z,2.198,experimental
498,6MIT,2019-03-27T00:00:00Z,3.2,experimental
499,1DC7,2000-01-05T00:00:00Z,"['n', 'u', 'l', 'l']",experimental
500,2CO7,2006-06-27T00:00:00Z,1.8,experimental
501,7M1P,2021-09-08T00:00:00Z,3.6,experimental
502,2WKG,2009-09-29T00:00:00Z,3.0,experimental
503,1WXD,2005-02-01T00:00:00Z,2.1,experimental
504,7FJB,2022-08-10T00:00:00Z,2.44,experimental
505,6BU7,2018-06-06T00:00:00Z,2.73,experimental
506,1CGY,1995-02-07T00:00:00Z,2.5,experimental
507,1CXK,1999-05-03T00:00:00Z,2.09,experimental
508,8FFS,2023-04-05T00:00:00Z,2.96,experimental
509,7NF6,2022-01-19T00:00:00Z,3.05,experimental
510,1TUU,2005-01-18T00:00:00Z,2.5,experimental
511,2GSZ,2007-03-20T00:00:00Z,4.2,experimental
512,4FWM,2013-06-19T00:00:00Z,2.95,experimental
513,4HPH,2013-10-16T00:00:00Z,1.7,experimental
514,4DJM,2013-01-16T00:00:00Z,2.52,experimental
515,2OAQ,2007-02-13T00:00:00Z,3.15,experimental
516,4JCM,2014-02-26T00:00:00Z,1.65,experimental
517,2GPT,2006-06-06T00:00:00Z,1.95,experimental
518,3PUW,2011-08-10T00:00:00Z,2.3,experimental
519,6AZR,2017-12-27T00:00:00Z,3.628,experimental
520,2ZZ0,2009-08-18T00:00:00Z,2.8,experimental
521,1NLZ,2003-05-06T00:00:00Z,3.0,experimental
522,4QYW,2015-08-19T00:00:00Z,1.597,experimental
523,7M0S,2021-11-03T00:00:00Z,1.64,experimental
524,3WY1,2015-06-10T00:00:00Z,2.15,experimental
525,3ZOA,2013-07-17T00:00:00Z,1.85,experimental
526,1DXL,2000-07-20T00:00:00Z,3.15,experimental
527,4M52,2013-11-27T00:00:00Z,2.4,experimental
528,1V59,2005-02-15T00:00:00Z,2.2,experimental
529,3I5A,2009-08-18T00:00:00Z,2.796,experimental
530,5OT1,2018-04-18T00:00:00Z,2.8,experimental
531,2QSJ,2007-08-14T00:00:00Z,2.1,experimental
532,4FOO,2012-12-26T00:00:00Z,2.55,experimental
533,4XB3,2015-08-26T00:00:00Z,2.093,experimental
534,1HV9,2001-02-21T00:00:00Z,2.1,experimental
535,2X8G,2010-07-21T00:00:00Z,1.9,experimental
536,4Q9L,2015-03-04T00:00:00Z,3.8,experimental
537,1MVO,2002-10-16T00:00:00Z,1.6,experimental
538,3MEF,1998-10-14T00:00:00Z,"['n', 'u', 'l', 'l']",experimental
539,6XGZ,2020-07-15T00:00:00Z,2.6,experimental
540,7E7I,2021-06-30T00:00:00Z,3.3,experimental
541,1GRB,1994-01-31T00:00:00Z,1.85,experimental
542,6ER5,2018-10-31T00:00:00Z,3.37,experimental
543,3BWU,2008-03-04T00:00:00Z,1.76,experimental
544,3RFZ,2011-06-01T00:00:00Z,2.8,experimental
545,6NZI,2019-02-27T00:00:00Z,4.44,experimental
546,6A6J,2019-06-19T00:00:00Z,2.255,experimental
547,1Q8F,2004-05-11T00:00:00Z,1.7,experimental
548,7ZO9,2022-12-07T00:00:00Z,3.5,experimental
549,5IT5,2016-10-19T00:00:00Z,2.648,experimental
550,5XV9,2018-07-04T00:00:00Z,"['n', 'u', 'l', 'l']",experimental
551,1J0I,2003-01-28T00:00:00Z,2.4,experimental
552,7ZDA,2023-04-19T00:00:00Z,3.17,experimental
553,6BA0,2018-10-17T00:00:00Z,2.03,experimental
554,4GRT,1997-08-12T00:00:00Z,2.8,experimental
555,1NXT,2004-02-17T00:00:00Z,2.34,experimental
556,7N5B,2022-04-13T00:00:00Z,3.8,experimental
557,6I4Q,2019-11-20T00:00:00Z,1.75,experimental
558,2GRT,1997-08-12T00:00:00Z,2.7,experimental
559,2PWF,2007-06-26T00:00:00Z,1.8,experimental
560,3B60,2007-12-04T00:00:00Z,3.7,experimental
561,5A2C,2016-03-30T00:00:00Z,1.9,experimental
562,4JBW,2013-06-12T00:00:00Z,3.913,experimental
563,4J09,2014-04-23T00:00:00Z,1.9,experimental
564,6ZJ2,2021-02-17T00:00:00Z,3.38,experimental
565,5SA1,2022-06-15T00:00:00Z,1.84,experimental
566,4Q9H,2015-03-04T00:00:00Z,3.4,experimental
567,4JQ9,2014-04-02T00:00:00Z,2.17,experimental
568,4K8D,2013-05-22T00:00:00Z,1.86,experimental
569,1JI1,2002-06-05T00:00:00Z,1.6,experimental
570,1ZN2,2005-09-27T00:00:00Z,2.91,experimental
571,7CHA,2021-05-19T00:00:00Z,3.9,experimental
572,6WNU,2021-04-28T00:00:00Z,1.88,experimental
573,1NHQ,1995-02-14T00:00:00Z,2.0,experimental
574,3T9N,2012-10-31T00:00:00Z,3.456,experimental
575,6BPP,2018-05-02T00:00:00Z,2.92,experimental
576,5F64,2015-12-30T00:00:00Z,2.71,experimental
577,7W9H,2022-12-14T00:00:00Z,2.28,experimental
578,6IOK,2019-04-03T00:00:00Z,3.64,experimental
579,5WCZ,2018-03-28T00:00:00Z,1.58,experimental
580,1QHO,2000-05-31T00:00:00Z,1.7,experimental
581,2FLW,2006-05-23T00:00:00Z,2.0,experimental
582,3OO1,2011-08-31T00:00:00Z,1.7,experimental
583,5JSZ,2016-05-18T00:00:00Z,3.004,experimental
584,2BC0,2006-10-31T00:00:00Z,2.0,experimental
585,4FSH,2013-01-30T00:00:00Z,2.85,experimental
586,1A0O,1998-12-30T00:00:00Z,2.95,experimental
587,7MGN,2021-07-21T00:00:00Z,1.8,experimental
588,3SLC,2012-08-29T00:00:00Z,2.7,experimental
589,1L2T,2002-07-24T00:00:00Z,1.9,experimental
590,1JI2,2002-06-05T00:00:00Z,2.3,experimental
591,1ZMD,2005-06-28T00:00:00Z,2.08,experimental
592,2WOI,2010-08-04T00:00:00Z,2.1,experimental
593,3RLF,2011-08-10T00:00:00Z,2.2,experimental
594,3BRE,2008-04-01T00:00:00Z,2.4,experimental
595,5A2A,2016-03-30T00:00:00Z,1.9,experimental
596,5XSO,2018-05-23T00:00:00Z,1.778,experimental
597,3MYY,2011-05-11T00:00:00Z,2.1,experimental
598,3NE5,2011-03-02T00:00:00Z,2.898,experimental
599,6HY2,2019-01-23T00:00:00Z,1.6,experimental
600,2HK8,2007-06-19T00:00:00Z,2.35,experimental
601,6YMZ,2021-02-17T00:00:00Z,2.3,experimental
602,1QHP,2000-05-31T00:00:00Z,1.7,experimental
603,7ZDT,2023-04-19T00:00:00Z,2.71,experimental
604,7F3J,2022-06-22T00:00:00Z,1.95,experimental
605,3VX1,2013-09-11T00:00:00Z,2.2,experimental
606,7CGT,1998-08-12T00:00:00Z,3.0,experimental
607,6LMR,2020-07-22T00:00:00Z,"['n', 'u', 'l', 'l']",experimental
608,2IIR,2007-09-11T00:00:00Z,3.3,experimental
609,6VKT,2020-07-01T00:00:00Z,2.72,experimental
610,8AJJ,2023-03-01T00:00:00Z,2.4,experimental
611,1JLK,2002-03-13T00:00:00Z,2.3,experimental
612,1PDK,1999-08-17T00:00:00Z,2.4,experimental
613,3TO5,2012-09-12T00:00:00Z,1.65,experimental
614,6FP4,2018-06-06T00:00:00Z,2.501,experimental
615,1JL8,2001-08-01T00:00:00Z,3.2,experimental
616,7D08,2020-12-16T00:00:00Z,4.0,experimental
617,4HYE,2013-06-05T00:00:00Z,1.7,experimental
618,3QFA,2011-07-27T00:00:00Z,2.2,experimental
619,6YQA,2021-02-24T00:00:00Z,1.67,experimental
620,3D5K,2009-06-02T00:00:00Z,2.4,experimental
621,6UJW,2020-05-27T00:00:00Z,4.15,experimental
622,2OI5,2007-06-19T00:00:00Z,2.25,experimental
623,1QPX,1999-07-07T00:00:00Z,2.4,experimental
624,6BR7,2018-02-21T00:00:00Z,1.86,experimental
625,6ZK2,2022-01-12T00:00:00Z,2.2,experimental
626,4R36,2015-05-06T00:00:00Z,1.9,experimental
627,1TCM,1997-04-21T00:00:00Z,2.2,experimental
628,7JJT,2021-06-23T00:00:00Z,1.66,experimental
629,2J2Z,2006-11-08T00:00:00Z,2.3,experimental
630,7PH7,2022-08-24T00:00:00Z,4.1,experimental
631,4K0J,2013-10-16T00:00:00Z,3.0,experimental
632,8FED,2023-02-22T00:00:00Z,2.76,experimental
633,2QIA,2007-10-02T00:00:00Z,1.74,experimental
634,5BRP,2016-03-02T00:00:00Z,2.05,experimental
635,7W7D,2022-06-22T00:00:00Z,3.4,experimental
636,4E75,2013-01-16T00:00:00Z,2.85,experimental
637,4APN,2013-04-17T00:00:00Z,3.2,experimental
638,6YUZ,2021-01-20T00:00:00Z,2.8,experimental
639,1G29,2000-12-06T00:00:00Z,1.9,experimental
640,7AHD,2020-11-25T00:00:00Z,3.4,experimental
641,2R6G,2007-11-27T00:00:00Z,2.8,experimental
642,7V8I,2022-08-31T00:00:00Z,3.6,experimental
643,7TBV,2022-03-16T00:00:00Z,2.3,experimental
644,2BCP,2006-10-31T00:00:00Z,2.1,experimental
645,2K33,2009-02-03T00:00:00Z,"['n', 'u', 'l', 'l']",experimental
646,1CDG,1994-01-31T00:00:00Z,2.0,experimental
647,8DEV,2022-09-14T00:00:00Z,3.08,experimental
648,6A0K,2018-09-12T00:00:00Z,1.94,experimental
649,8DZG,2022-10-26T00:00:00Z,3.1,experimental
650,1H95,2002-02-21T00:00:00Z,"['n', 'u', 'l', 'l']",experimental
651,2GWR,2006-05-23T00:00:00Z,2.1,experimental
652,7B0W,2021-12-08T00:00:00Z,1.75,experimental
653,3B9G,2008-04-22T00:00:00Z,1.4,experimental
654,5A2B,2016-03-30T00:00:00Z,1.85,experimental
655,1BWC,1999-07-20T00:00:00Z,2.1,experimental
656,1NXS,2004-02-17T00:00:00Z,1.92,experimental
657,4MB1,2013-09-25T00:00:00Z,1.4,experimental
658,4YMU,2015-04-22T00:00:00Z,2.503,experimental
659,7ZDC,2023-04-19T00:00:00Z,3.13,experimental
660,1ONF,2003-05-06T00:00:00Z,2.6,experimental
661,2ZID,2008-06-24T00:00:00Z,2.2,experimental
662,4FLS,2012-10-31T00:00:00Z,2.3,experimental
663,3JYP,2010-10-27T00:00:00Z,1.16,experimental
664,4FWN,2013-06-19T00:00:00Z,3.0,experimental
665,7CH0,2020-09-09T00:00:00Z,3.7,experimental
666,1HZB,2001-11-07T00:00:00Z,1.28,experimental
667,6ZRE,2021-07-28T00:00:00Z,2.8,experimental
668,8AVW,2022-12-21T00:00:00Z,3.62,experimental
669,7NG8,2021-06-30T00:00:00Z,3.2,experimental
670,1UH3,2004-01-13T00:00:00Z,2.6,experimental
671,4JP1,2014-04-02T00:00:00Z,2.46,experimental
672,2FMI,2006-05-23T00:00:00Z,2.302,experimental
673,4LE1,2014-07-16T00:00:00Z,1.951,experimental
674,7CGE,2020-09-09T00:00:00Z,2.9,experimental
675,5YTV,2018-12-05T00:00:00Z,1.7,experimental
676,1GRE,1994-01-31T00:00:00Z,2.0,experimental
677,6BMQ,2018-09-26T00:00:00Z,2.077,experimental
678,6OJZ,2019-11-20T00:00:00Z,3.027,experimental
679,3K8M,2010-03-02T00:00:00Z,2.5,experimental
680,6UED,2019-11-13T00:00:00Z,1.55,experimental
681,3AJ7,2010-08-11T00:00:00Z,1.3,experimental
682,9CGT,1998-10-14T00:00:00Z,2.5,experimental
683,2GR3,2007-05-22T00:00:00Z,1.5,experimental
684,7NG9,2021-06-30T00:00:00Z,3.3,experimental
685,2GR1,2007-05-22T00:00:00Z,1.8,experimental
686,2PMC,2008-01-15T00:00:00Z,2.688,experimental
687,7B8Q,2021-10-20T00:00:00Z,3.84,experimental
688,2CHF,1994-04-30T00:00:00Z,1.8,experimental
689,3DH9,2009-06-16T00:00:00Z,2.25,experimental
690,6I4R,2019-11-20T00:00:00Z,1.439,experimental
691,7E7O,2021-06-30T00:00:00Z,3.4,experimental
692,7PUT,2022-04-06T00:00:00Z,2.8,experimental
693,5D3M,2016-04-06T00:00:00Z,3.303,experimental
694,6N7F,2018-12-12T00:00:00Z,1.9,experimental
695,1HOZ,2001-12-12T00:00:00Z,1.6,experimental
696,3DJG,2008-08-05T00:00:00Z,1.8,experimental
697,3T8Y,2011-09-14T00:00:00Z,1.9,experimental
698,6BZ0,2018-01-03T00:00:00Z,1.83,experimental
699,8DEU,2022-09-14T00:00:00Z,2.95,experimental
700,7SGR,2022-09-14T00:00:00Z,2.9,experimental
701,1UKQ,2004-02-24T00:00:00Z,2.0,experimental
702,1SAZ,2005-03-29T00:00:00Z,2.5,experimental
703,6GDI,2018-05-23T00:00:00Z,7.9,experimental
704,6GEB,2018-05-30T00:00:00Z,3.19,experimental
705,1PAM,1997-01-11T00:00:00Z,1.8,experimental
706,3FTJ,2009-05-26T00:00:00Z,1.999,experimental
707,3CGE,2008-04-22T00:00:00Z,2.262,experimental
708,7WIU,2023-01-25T00:00:00Z,3.48,experimental
709,1LVL,1994-01-31T00:00:00Z,2.45,experimental
710,6AWA,2017-10-04T00:00:00Z,1.83,experimental
711,3PHG,2011-11-09T00:00:00Z,1.57,experimental
712,7OZ1,2021-09-22T00:00:00Z,4.0,experimental
713,6BS6,2018-01-24T00:00:00Z,2.17,experimental
714,7W02,2022-04-20T00:00:00Z,3.3,experimental
715,1SMA,2000-04-26T00:00:00Z,2.8,experimental
716,7KGH,2021-03-10T00:00:00Z,3.79,experimental
717,2TPR,1993-10-31T00:00:00Z,2.4,experimental
718,5VXN,2018-03-07T00:00:00Z,3.375,experimental
719,6RTM,2020-01-08T00:00:00Z,2.1,experimental
720,6OSS,2020-01-29T00:00:00Z,2.19,experimental
721,8IBK,2023-05-03T00:00:00Z,1.69,experimental
722,6OAQ,2019-09-18T00:00:00Z,2.54,experimental
723,1MOK,2002-11-27T00:00:00Z,2.8,experimental
724,5TSQ,2016-12-14T00:00:00Z,1.53,experimental
725,4L85,2014-02-19T00:00:00Z,2.202,experimental
726,3KSS,2010-09-22T00:00:00Z,3.88,experimental
727,7AHH,2020-11-25T00:00:00Z,3.5,experimental
728,3QFB,2011-07-27T00:00:00Z,2.6,experimental
729,1S8N,2004-09-21T00:00:00Z,1.482,experimental
730,4L4U,2013-08-28T00:00:00Z,2.2,experimental
731,6Z4C,2020-07-29T00:00:00Z,2.0,experimental
732,4QC2,2014-10-22T00:00:00Z,2.22,experimental
733,3T56,2012-06-20T00:00:00Z,3.42,experimental
734,7ZK4,2023-04-26T00:00:00Z,2.6,experimental
735,4DOP,2012-06-20T00:00:00Z,4.2,experimental
736,7CAG,2020-12-02T00:00:00Z,3.78,experimental
737,1TYT,1994-07-31T00:00:00Z,2.6,experimental
738,6I4T,2019-11-20T00:00:00Z,1.823,experimental
739,2FF2,2006-05-23T00:00:00Z,2.2,experimental
740,3EDK,2009-03-03T00:00:00Z,1.77,experimental
741,4UHJ,2016-04-13T00:00:00Z,1.9,experimental
742,3NTD,2010-12-08T00:00:00Z,1.99,experimental
743,1F8W,2001-02-05T00:00:00Z,2.45,experimental
744,8CT4,2022-05-25T00:00:00Z,2.17,experimental
745,7W01,2022-04-27T00:00:00Z,3.3,experimental
746,4KSC,2013-07-31T00:00:00Z,4.0,experimental
747,3EPX,2009-03-24T00:00:00Z,1.85,experimental
748,4E2O,2013-03-13T00:00:00Z,2.103,experimental
749,2EV9,2006-05-01T00:00:00Z,1.9,experimental
750,6XVU,2021-06-30T00:00:00Z,2.1,experimental
751,7M1Q,2021-09-08T00:00:00Z,2.92,experimental
752,5X3X,2017-04-05T00:00:00Z,2.788,experimental
753,4XWK,2016-04-27T00:00:00Z,3.5,experimental
754,4DQ8,2012-02-22T00:00:00Z,2.25,experimental
755,7UW5,2022-11-23T00:00:00Z,3.84,experimental
756,1NLY,2003-05-06T00:00:00Z,2.8,experimental
757,8FWK,2023-02-08T00:00:00Z,3.5,experimental
758,7SEL,2022-03-09T00:00:00Z,2.978,experimental
759,6RFV,2020-02-19T00:00:00Z,2.83,experimental
760,1F3O,2001-07-25T00:00:00Z,2.7,experimental
761,5X7U,2018-02-28T00:00:00Z,2.501,experimental
762,7KF6,2021-04-14T00:00:00Z,3.4,experimental
763,4H0O,2012-12-05T00:00:00Z,2.4,experimental
764,3DJJ,2008-08-05T00:00:00Z,1.1,experimental
765,2O7S,2007-11-20T00:00:00Z,1.78,experimental
766,2MO1,2014-08-20T00:00:00Z,"['n', 'u', 'l', 'l']",experimental
767,6OAP,2019-09-18T00:00:00Z,1.97,experimental
768,7MGO,2021-07-21T00:00:00Z,1.85,experimental
769,2TAA,1982-10-21T00:00:00Z,3.0,experimental
770,2AQ9,2006-06-27T00:00:00Z,1.8,experimental
771,2WP5,2010-10-13T00:00:00Z,2.8,experimental
772,7COK,2021-08-04T00:00:00Z,1.5,experimental
773,5NHG,2018-05-16T00:00:00Z,2.27,experimental
774,1LPF,1994-01-31T00:00:00Z,2.8,experimental
775,3DGZ,2009-06-16T00:00:00Z,2.25,experimental
776,7UX1,2022-11-23T00:00:00Z,3.48,experimental
777,6T97,2020-11-18T00:00:00Z,2.8,experimental
778,1DZ3,2000-04-10T00:00:00Z,1.65,experimental
779,3URH,2011-12-14T00:00:00Z,1.9,experimental
780,6CD2,2018-10-03T00:00:00Z,3.7,experimental
781,5XT2,2018-05-23T00:00:00Z,2.652,experimental
782,4HNS,2013-10-02T00:00:00Z,2.1,experimental
783,4GI8,2013-02-13T00:00:00Z,1.95,experimental
784,2K32,2009-02-03T00:00:00Z,"['n', 'u', 'l', 'l']",experimental
785,4FR5,2012-12-26T00:00:00Z,2.2,experimental
786,6IIA,2019-03-27T00:00:00Z,2.91,experimental
787,1GVI,2002-06-06T00:00:00Z,3.3,experimental
788,3KLN,2010-02-09T00:00:00Z,3.078,experimental
789,1CHN,1994-07-31T00:00:00Z,1.76,experimental
790,6XSV,2020-10-14T00:00:00Z,1.65,experimental
791,7NF7,2022-01-19T00:00:00Z,2.68,experimental
792,7KMY,2021-01-27T00:00:00Z,2.21,experimental
793,7PH3,2022-08-24T00:00:00Z,2.8,experimental
794,2ONJ,2007-03-13T00:00:00Z,3.4,experimental
795,3CGB,2008-04-22T00:00:00Z,1.9,experimental
796,7EHH,2021-08-11T00:00:00Z,2.0,experimental
797,3K07,2010-09-22T00:00:00Z,3.521,experimental
798,4HA1,2013-09-25T00:00:00Z,2.2,experimental
799,3B5Z,2007-12-04T00:00:00Z,4.2,experimental
800,3F6L,2009-05-19T00:00:00Z,2.801,experimental
801,7F3I,2022-06-22T00:00:00Z,2.25,experimental
802,4KNY,2014-02-19T00:00:00Z,2.945,experimental
803,6I7N,2019-05-15T00:00:00Z,3.3,experimental
804,1P77,2003-08-12T00:00:00Z,1.95,experimental
805,3BMV,2008-05-27T00:00:00Z,1.6,experimental
806,1HZA,2001-11-07T00:00:00Z,1.8,experimental
807,7CAE,2020-12-02T00:00:00Z,3.44,experimental
808,1HZ9,2001-11-07T00:00:00Z,1.8,experimental
809,1JGI,2001-10-31T00:00:00Z,2.0,experimental
810,3L6G,2010-05-19T00:00:00Z,1.9,experimental
811,2IHY,2007-09-18T00:00:00Z,1.9,experimental
812,2EYU,2006-11-21T00:00:00Z,1.87,experimental
813,3B5W,2007-12-04T00:00:00Z,5.3,experimental
814,2FKA,2006-05-23T00:00:00Z,2.0,experimental
815,4HP5,2013-11-13T00:00:00Z,2.0,experimental
816,3C4J,2009-02-03T00:00:00Z,2.33,experimental
817,3ME0,2011-04-27T00:00:00Z,2.03,experimental
818,1HZC,2001-11-07T00:00:00Z,1.32,experimental
819,4KSS,2013-09-04T00:00:00Z,7.58,experimental
820,6E14,2018-10-17T00:00:00Z,4.0,experimental
821,4H7V,2013-09-25T00:00:00Z,1.8,experimental
822,6UJS,2020-05-27T00:00:00Z,4.17,experimental
823,1PUX,2003-08-19T00:00:00Z,"['n', 'u', 'l', 'l']",experimental
824,4A82,2012-01-11T00:00:00Z,"[2.0, 9.0]",experimental
825,3O0H,2010-08-18T00:00:00Z,1.9,experimental
826,5XJP,2017-08-30T00:00:00Z,1.597,experimental
827,2DIJ,1998-12-09T00:00:00Z,2.6,experimental
828,1WZK,2005-03-22T00:00:00Z,2.3,experimental
829,2YQU,2008-04-01T00:00:00Z,1.7,experimental
830,8A56,2022-09-14T00:00:00Z,2.05,experimental
831,1CGX,1995-02-07T00:00:00Z,2.5,experimental
832,5SMJ,2023-03-01T00:00:00Z,1.65,experimental
833,6EO3,2017-11-15T00:00:00Z,2.5,experimental
834,3HZH,2010-02-16T00:00:00Z,1.96,experimental
835,7ZNU,2022-12-07T00:00:00Z,4.0,experimental
836,2Z1K,2008-05-13T00:00:00Z,2.3,experimental
837,1VI2,2003-12-30T00:00:00Z,2.1,experimental
838,6VBF,2019-12-25T00:00:00Z,1.85,experimental
839,5KPD,2016-11-30T00:00:00Z,3.35,experimental
840,5JY7,2017-05-24T00:00:00Z,3.6,experimental
841,5KO2,2016-11-30T00:00:00Z,3.3,experimental
842,4XH5,2015-09-23T00:00:00Z,2.11,experimental
843,1CGW,1995-02-07T00:00:00Z,2.5,experimental
844,1OXT,2003-06-17T00:00:00Z,2.1,experimental
845,2C3D,2005-11-07T00:00:00Z,2.15,experimental
846,7OD9,2022-04-27T00:00:00Z,2.3,experimental
847,1CXI,1995-12-15T00:00:00Z,2.2,experimental
848,3H4K,2009-08-25T00:00:00Z,2.55,experimental
849,2JK6,2009-04-28T00:00:00Z,2.95,experimental
850,7W7A,2022-06-22T00:00:00Z,3.204,experimental
851,6BL6,2019-01-09T00:00:00Z,2.8,experimental
852,1AB6,1998-02-04T00:00:00Z,2.2,experimental
853,6T00,2020-02-26T00:00:00Z,2.1,experimental
854,7A65,2020-10-14T00:00:00Z,3.9,experimental
855,2ZZB,2009-08-18T00:00:00Z,3.2,experimental
856,2YAU,2012-01-11T00:00:00Z,3.5,experimental
857,7ARM,2021-04-07T00:00:00Z,3.6,experimental
858,1G6P,2001-11-07T00:00:00Z,"['n', 'u', 'l', 'l']",experimental
859,3EDF,2009-03-03T00:00:00Z,1.65,experimental
860,1AOG,1997-09-17T00:00:00Z,2.3,experimental
861,4I74,2013-08-07T00:00:00Z,1.68,experimental
862,3II4,2010-01-26T00:00:00Z,2.42,experimental
863,2WCS,2009-09-29T00:00:00Z,2.8,experimental
864,3B5Y,2007-12-04T00:00:00Z,4.5,experimental
865,5S9X,2022-06-15T00:00:00Z,1.84,experimental
866,5IUJ,2016-12-21T00:00:00Z,3.2,experimental
867,3OLW,2011-08-31T00:00:00Z,2.304,experimental
868,1V3K,2004-08-03T00:00:00Z,2.0,experimental
869,2R9Z,2008-02-19T00:00:00Z,2.1,experimental
870,2W0H,2009-04-28T00:00:00Z,3.0,experimental
871,1WZM,2005-03-22T00:00:00Z,3.2,experimental
872,1MW1,2002-12-18T00:00:00Z,2.1,experimental
873,4II7,2013-03-06T00:00:00Z,3.59,experimental
874,7E7Q,2021-06-30T00:00:00Z,3.3,experimental
875,4XH1,2015-08-19T00:00:00Z,2.0,experimental
876,3SK3,2012-08-29T00:00:00Z,1.9,experimental
877,3PMO,2011-07-27T00:00:00Z,1.3,experimental
878,6EKH,2018-01-31T00:00:00Z,2.654,experimental
879,6SZZ,2020-02-26T00:00:00Z,2.05,experimental
880,5UHT,2017-12-27T00:00:00Z,2.68,experimental
881,4E79,2013-01-16T00:00:00Z,2.66,experimental
882,7KGI,2021-03-10T00:00:00Z,3.34,experimental
883,6CMZ,2018-03-21T00:00:00Z,2.3,experimental
884,4HOZ,2013-10-16T00:00:00Z,2.0,experimental
885,3CGD,2008-04-22T00:00:00Z,2.25,experimental
886,1CXF,1995-12-15T00:00:00Z,2.1,experimental
887,6Z4E,2020-07-29T00:00:00Z,2.0,experimental
888,1NAT,1998-10-14T00:00:00Z,2.45,experimental
889,5GHU,2017-06-28T00:00:00Z,1.63,experimental
890,1ZS2,2006-05-02T00:00:00Z,2.16,experimental
891,5SA0,2022-06-15T00:00:00Z,1.97,experimental
892,2OLJ,2008-01-15T00:00:00Z,2.05,experimental
893,2AWN,2005-12-13T00:00:00Z,2.3,experimental
894,4P4N,2015-03-18T00:00:00Z,1.95,experimental
895,3I2Z,2009-12-22T00:00:00Z,1.1,experimental
896,3Q15,2011-02-23T00:00:00Z,2.192,experimental
897,2D0G,2006-07-11T00:00:00Z,2.6,experimental
898,2X8C,2010-07-21T00:00:00Z,3.1,experimental
899,4FWK,2013-06-19T00:00:00Z,2.8,experimental
900,6YQ9,2021-02-10T00:00:00Z,1.55,experimental
901,3EDJ,2009-03-03T00:00:00Z,1.69,experimental
902,4OCG,2014-08-20T00:00:00Z,2.75,experimental
903,3DGE,2009-07-07T00:00:00Z,2.8,experimental
904,8IDS,2023-05-03T00:00:00Z,1.5,experimental
905,1BVZ,1999-03-02T00:00:00Z,2.6,experimental
906,6FMZ,2018-06-06T00:00:00Z,1.8,experimental
907,2C40,2007-02-27T00:00:00Z,2.2,experimental
908,3PUZ,2011-05-18T00:00:00Z,2.9,experimental
909,6TA6,2020-09-16T00:00:00Z,3.2,experimental
910,5WS4,2017-11-15T00:00:00Z,3.4,experimental
911,1JG9,2001-10-31T00:00:00Z,1.66,experimental
912,2D0H,2006-07-11T00:00:00Z,2.1,experimental
913,1YS7,2006-02-07T00:00:00Z,1.58,experimental
914,4H4T,2013-10-09T00:00:00Z,1.5,experimental
915,5TTP,2017-09-20T00:00:00Z,4.8,experimental
916,5O8Y,2017-11-15T00:00:00Z,2.3,experimental
917,4S04,2015-11-11T00:00:00Z,3.2,experimental
918,3GRT,1997-08-12T00:00:00Z,2.5,experimental
919,2GH5,2006-09-26T00:00:00Z,1.7,experimental
920,3ZO9,2013-07-17T00:00:00Z,1.84,experimental
921,3NHB,2010-08-25T00:00:00Z,2.15,experimental
922,7NIU,2021-08-25T00:00:00Z,4.2,experimental
923,4GO9,2013-08-21T00:00:00Z,2.2,experimental
924,4K0E,2013-10-16T00:00:00Z,3.713,experimental
925,7ZK9,2023-04-26T00:00:00Z,4.3,experimental
926,6O30,2019-06-12T00:00:00Z,4.47,experimental
927,5S9S,2022-06-15T00:00:00Z,1.8,experimental
928,2JF3,2007-04-24T00:00:00Z,3.0,experimental
929,6SWF,2020-10-14T00:00:00Z,2.601,experimental
930,1LXA,1995-12-07T00:00:00Z,2.6,experimental
931,2WP6,2010-10-13T00:00:00Z,2.5,experimental
932,2HK7,2007-06-19T00:00:00Z,2.5,experimental
933,3TS0,2011-11-16T00:00:00Z,2.763,experimental
934,1UH4,2004-01-13T00:00:00Z,1.8,experimental
935,2WOV,2010-08-04T00:00:00Z,2.5,experimental
936,7WIW,2023-01-25T00:00:00Z,3.12,experimental
937,1KCK,2002-01-16T00:00:00Z,2.43,experimental
938,2A9R,2006-09-26T00:00:00Z,2.342,experimental
939,4AEE,2012-01-18T00:00:00Z,2.28,experimental
940,4ADW,2013-01-16T00:00:00Z,3.61,experimental
941,7PV7,2022-12-14T00:00:00Z,2.41,experimental
942,5JX4,2017-05-10T00:00:00Z,1.8,experimental
943,6UZL,2020-03-04T00:00:00Z,4.4,experimental
944,5T0O,2017-09-06T00:00:00Z,3.15,experimental
945,7ARK,2021-04-07T00:00:00Z,4.1,experimental
946,7NIV,2021-08-25T00:00:00Z,3.6,experimental
947,4B1B,2012-08-29T00:00:00Z,2.9,experimental
948,7ARL,2021-04-07T00:00:00Z,3.2,experimental
949,4FWL,2013-06-19T00:00:00Z,2.4,experimental
950,7ZDS,2023-04-19T00:00:00Z,3.26,experimental
951,7CH8,2021-10-06T00:00:00Z,3.9,experimental
952,6Z63,2020-09-02T00:00:00Z,1.57,experimental
953,4R37,2015-05-06T00:00:00Z,1.9,experimental
954,6VKS,2020-07-01T00:00:00Z,3.02,experimental
955,4FWO,2013-06-19T00:00:00Z,2.9,experimental
956,6I4U,2019-11-20T00:00:00Z,1.84,experimental
957,6OEY,2019-07-31T00:00:00Z,2.1,experimental
958,2WC7,2009-09-29T00:00:00Z,2.37,experimental
959,4WUH,2015-05-06T00:00:00Z,2.294,experimental
960,4IJN,2013-01-16T00:00:00Z,1.7,experimental
961,4RFS,2014-12-24T00:00:00Z,3.232,experimental
962,2YVF,2007-10-16T00:00:00Z,1.6,experimental
963,1DED,2000-04-07T00:00:00Z,2.0,experimental
964,2EQ7,2008-04-01T00:00:00Z,1.8,experimental
965,2YYZ,2007-11-06T00:00:00Z,2.11,experimental
966,1TMY,1997-11-19T00:00:00Z,1.9,experimental
967,7ZDR,2023-04-19T00:00:00Z,3.05,experimental
968,1GRH,1994-01-31T00:00:00Z,3.0,experimental
969,2FMH,2006-05-23T00:00:00Z,2.001,experimental
970,4M2T,2013-11-13T00:00:00Z,4.35,experimental
971,5IC5,2016-03-02T00:00:00Z,1.9,experimental
972,4ZMR,2016-04-27T00:00:00Z,2.001,experimental
973,2V6O,2008-03-04T00:00:00Z,2.2,experimental
974,3HDG,2009-05-19T00:00:00Z,2.27,experimental
975,7ARH,2021-04-07T00:00:00Z,3.3,experimental
976,4WT0,2015-05-06T00:00:00Z,1.8,experimental
977,1D4Z,1999-10-14T00:00:00Z,1.9,experimental
978,4KPR,2014-05-14T00:00:00Z,2.4,experimental
979,7F3K,2022-06-22T00:00:00Z,1.76,experimental
980,6WW6,2021-11-24T00:00:00Z,3.8,experimental
981,2PWD,2007-06-26T00:00:00Z,1.8,experimental
982,8FEE,2023-02-22T00:00:00Z,2.9,experimental
983,1H3G,2003-08-14T00:00:00Z,2.1,experimental
984,3CRN,2008-04-22T00:00:00Z,1.58,experimental
985,2F5Z,2006-01-17T00:00:00Z,2.18,experimental
986,1V3J,2004-08-03T00:00:00Z,2.0,experimental
987,5HEV,2016-11-16T00:00:00Z,3.192,experimental
988,2CFY,2006-03-09T00:00:00Z,2.7,experimental
989,6QEX,2019-02-27T00:00:00Z,3.6,experimental
990,4FWP,2013-06-19T00:00:00Z,2.5,experimental
991,3K8K,2010-03-02T00:00:00Z,2.2,experimental
992,5DGX,2015-09-16T00:00:00Z,1.73,experimental
993,1VB9,2005-03-08T00:00:00Z,2.2,experimental
994,7A6C,2020-10-14T00:00:00Z,3.6,experimental
995,6Z12,2020-07-22T00:00:00Z,4.6,experimental
996,4OMU,2014-06-04T00:00:00Z,1.65,experimental
997,4WSZ,2015-05-06T00:00:00Z,1.769,experimental
998,4DWH,2012-05-30T00:00:00Z,2.5,experimental
999,4ALP,2012-09-05T00:00:00Z,1.48,experimental
1000,6ZP3,2021-05-19T00:00:00Z,1.8,experimental
1001,1NPY,2003-07-29T00:00:00Z,1.75,experimental
1002,1YIO,2005-09-27T00:00:00Z,2.2,experimental
1003,6BMB,2017-12-20T00:00:00Z,2.077,experimental
1004,1MW2,2002-12-18T00:00:00Z,2.1,experimental
1005,4GIN,2013-02-13T00:00:00Z,1.9,experimental
1006,4FPX,2012-12-26T00:00:00Z,2.4,experimental
1007,3GBD,2009-05-26T00:00:00Z,1.95,experimental
1008,5U8V,2017-02-15T00:00:00Z,1.45,experimental
1009,2MAS,1997-08-12T00:00:00Z,2.3,experimental
1010,3WMS,2014-11-12T00:00:00Z,2.3,experimental
1011,4FOS,2012-12-26T00:00:00Z,1.72,experimental
1012,6CVL,2018-11-14T00:00:00Z,2.953,experimental
1013,7B02,2021-05-19T00:00:00Z,1.45,experimental
1014,1ZJA,2006-10-17T00:00:00Z,1.6,experimental
1015,3EUL,2008-11-11T00:00:00Z,1.9,experimental
1016,4Q9I,2015-03-04T00:00:00Z,3.781,experimental
1017,1OXU,2003-06-17T00:00:00Z,2.1,experimental
1018,5O8Z,2017-11-15T00:00:00Z,2.1,experimental
1019,7CH7,2021-05-19T00:00:00Z,3.9,experimental
1020,4H0P,2012-12-05T00:00:00Z,1.894,experimental
1021,3MKM,2010-12-01T00:00:00Z,2.2,experimental
1022,4P33,2014-03-26T00:00:00Z,1.65,experimental
1023,1UKT,2004-02-24T00:00:00Z,2.2,experimental
1024,3R0S,2011-03-23T00:00:00Z,2.3,experimental
1025,4P4G,2015-03-18T00:00:00Z,1.7,experimental
1026,3TUJ,2011-11-30T00:00:00Z,4.0,experimental
1027,6ZLP,2021-05-19T00:00:00Z,2.15,experimental
1028,4YMS,2015-04-22T00:00:00Z,2.8,experimental
1029,2E1Y,2007-09-18T00:00:00Z,2.6,experimental
1030,2UY6,2007-05-29T00:00:00Z,2.5,experimental
1031,2AWO,2005-12-13T00:00:00Z,2.8,experimental
1032,3W9I,2013-07-03T00:00:00Z,2.71,experimental
1033,3SEF,2011-07-27T00:00:00Z,2.4,experimental
1034,2FGJ,2006-08-08T00:00:00Z,2.6,experimental
1035,3ULJ,2012-08-15T00:00:00Z,1.06,experimental
1036,4P4L,2015-03-18T00:00:00Z,2.009,experimental
1037,6UJR,2020-05-27T00:00:00Z,4.1,experimental
1038,6LGQ,2020-12-09T00:00:00Z,3.0,experimental
1039,1EZR,2000-05-24T00:00:00Z,2.5,experimental
1040,1XDI,2004-10-19T00:00:00Z,2.81,experimental
1041,5ZCC,2018-12-26T00:00:00Z,1.704,experimental
1042,8FFK,2023-04-05T00:00:00Z,2.82,experimental
1043,6OB8,2019-09-18T00:00:00Z,2.3,experimental
1044,3A4A,2010-07-14T00:00:00Z,1.6,experimental
1045,4S05,2015-11-11T00:00:00Z,3.8,experimental
1046,5UIC,2017-08-16T00:00:00Z,2.487,experimental
1047,4XIG,2016-01-13T00:00:00Z,3.402,experimental
1048,5KOY,2016-12-14T00:00:00Z,3.85,experimental
1049,6VEJ,2020-09-30T00:00:00Z,4.5,experimental
1050,5X5J,2017-08-30T00:00:00Z,1.401,experimental
1051,3PHH,2011-11-09T00:00:00Z,1.42,experimental
1052,5YTS,2018-12-05T00:00:00Z,1.77,experimental
1053,5O6F,2017-07-19T00:00:00Z,"['n', 'u', 'l', 'l']",experimental
1054,1KLF,2002-06-05T00:00:00Z,2.79,experimental
1055,3SQB,2012-05-30T00:00:00Z,3.2,experimental
1056,2XG5,2010-07-14T00:00:00Z,2.0,experimental
1057,7D9B,2021-08-11T00:00:00Z,1.58,experimental
1058,3CU5,2008-05-06T00:00:00Z,2.6,experimental
1059,6OKV,2019-11-20T00:00:00Z,4.007,experimental
1060,2MQH,2015-05-06T00:00:00Z,"['n', 'u', 'l', 'l']",experimental
1061,2D62,2006-05-08T00:00:00Z,2.1,experimental
1062,1NXX,2004-02-17T00:00:00Z,1.9,experimental
1063,2GR0,2007-05-22T00:00:00Z,1.7,experimental
1064,6EBB,2019-08-14T00:00:00Z,2.022,experimental
1065,2FLK,2006-05-23T00:00:00Z,2.1,experimental
1066,7NPX,2021-05-19T00:00:00Z,2.7,experimental
1067,1D3C,1999-12-22T00:00:00Z,1.78,experimental
1068,7B8P,2021-10-20T00:00:00Z,3.54,experimental
1069,2ES2,2006-09-05T00:00:00Z,1.78,experimental
1070,1KIE,2002-05-15T00:00:00Z,2.0,experimental
1071,6A0J,2018-09-12T00:00:00Z,1.6,experimental
1072,3R0J,2011-07-13T00:00:00Z,2.5,experimental
1073,7ZK6,2023-04-26T00:00:00Z,3.1,experimental
1074,7P01,2021-10-06T00:00:00Z,2.12,experimental
1075,7KGF,2021-03-10T00:00:00Z,3.42,experimental
1076,7N58,2022-04-13T00:00:00Z,3.4,experimental
1077,1NXO,2004-02-17T00:00:00Z,1.85,experimental
1078,6I4S,2019-11-20T00:00:00Z,1.75,experimental
1079,2HK9,2007-06-19T00:00:00Z,2.2,experimental
1080,4NEV,2014-05-14T00:00:00Z,2.5,experimental
1081,4IZ9,2013-02-20T00:00:00Z,1.98,experimental
1082,2WBA,2009-11-24T00:00:00Z,2.3,experimental
1083,7BCW,2022-01-12T00:00:00Z,3.5,experimental
1084,1D7F,2000-03-17T00:00:00Z,1.9,experimental
1085,4L8J,2013-07-03T00:00:00Z,2.06,experimental
1086,1P9W,2003-10-14T00:00:00Z,2.7,experimental
1087,6BGE,2018-10-31T00:00:00Z,2.9,experimental
1088,2FMF,2006-05-23T00:00:00Z,1.998,experimental
1089,2OAP,2007-02-13T00:00:00Z,2.95,experimental
1090,3WY4,2015-06-10T00:00:00Z,2.5,experimental
1091,4J3O,2013-04-10T00:00:00Z,3.8,experimental
1092,5DCM,2016-07-06T00:00:00Z,1.6,experimental
1093,2NLO,2006-11-14T00:00:00Z,1.643,experimental
1094,7B0X,2021-12-08T00:00:00Z,1.7,experimental
1095,1G6O,2001-01-24T00:00:00Z,2.5,experimental
1096,2IT1,2007-10-30T00:00:00Z,1.94,experimental
1097,6OLK,2019-11-20T00:00:00Z,4.0,experimental
1098,1TYP,1994-01-31T00:00:00Z,2.8,experimental
1099,6S7P,2019-12-25T00:00:00Z,3.2,experimental
1100,4YER,2015-03-11T00:00:00Z,2.35,experimental
1101,8CU9,2022-05-25T00:00:00Z,2.65,experimental
1102,5V36,2017-03-22T00:00:00Z,1.88,experimental
1103,6XBD,2020-07-01T00:00:00Z,3.05,experimental
1104,3BMW,2008-05-27T00:00:00Z,1.6,experimental
1105,1SRR,1997-04-21T00:00:00Z,1.9,experimental
1106,3A47,2010-07-14T00:00:00Z,1.59,experimental
1107,1J0J,2003-01-28T00:00:00Z,2.8,experimental
1108,3GL9,2009-10-27T00:00:00Z,1.8,experimental
1109,3GFU,2009-10-20T00:00:00Z,1.991,experimental
1110,7A6E,2020-10-14T00:00:00Z,3.6,experimental
1111,3PHJ,2011-11-09T00:00:00Z,2.3,experimental
1112,2O7Q,2007-11-20T00:00:00Z,2.2,experimental
1113,5VDN,2017-04-19T00:00:00Z,1.55,experimental
1114,2PWG,2007-06-26T00:00:00Z,2.2,experimental
1115,3F6C,2008-11-25T00:00:00Z,1.45,experimental
1116,1T5E,2004-05-18T00:00:00Z,3.0,experimental
1117,1NXP,2004-02-17T00:00:00Z,1.82,experimental
1118,7PH4,2022-08-24T00:00:00Z,2.8,experimental
1119,6OJY,2019-11-20T00:00:00Z,3.3,experimental
1120,3ZDQ,2013-01-23T00:00:00Z,2.85,experimental
1121,3GRS,1988-04-16T00:00:00Z,1.54,experimental
1122,8DEW,2022-09-14T00:00:00Z,2.89,experimental
1123,7ZK5,2023-04-26T00:00:00Z,2.6,experimental
1124,7ZDF,2023-04-19T00:00:00Z,2.94,experimental
1125,6T95,2020-11-18T00:00:00Z,2.5,experimental
1126,1ZE3,2005-06-14T00:00:00Z,1.84,experimental
1127,1GER,1994-11-01T00:00:00Z,1.86,experimental
1128,7EKM,2021-08-25T00:00:00Z,3.6,experimental
1129,4AIE,2012-08-29T00:00:00Z,2.05,experimental
1130,3DGH,2009-06-16T00:00:00Z,1.745,experimental
1131,5X40,2017-04-05T00:00:00Z,1.45,experimental
1132,4LXF,2013-08-21T00:00:00Z,2.6,experimental
1133,2CHY,1990-07-15T00:00:00Z,2.7,experimental
1134,4K7Z,2013-05-15T00:00:00Z,1.5,experimental
1135,2PMK,2008-02-05T00:00:00Z,1.6,experimental
1136,4M56,2013-10-02T00:00:00Z,2.3,experimental
1137,1C9O,2000-04-02T00:00:00Z,1.17,experimental
1138,3JVU,2010-07-21T00:00:00Z,3.1,experimental
1139,3OO0,2011-08-31T00:00:00Z,1.55,experimental
1140,2J7L,2006-11-01T00:00:00Z,2.6,experimental
1141,3DK9,2008-08-05T00:00:00Z,0.95,experimental
1142,5W43,2018-03-07T00:00:00Z,3.15,experimental
1143,3EAN,2008-12-02T00:00:00Z,2.75,experimental
1144,6OLM,2019-11-20T00:00:00Z,4.4,experimental
1145,4U00,2015-05-13T00:00:00Z,2.1,experimental
1146,3MKN,2010-12-01T00:00:00Z,2.0,experimental
1147,2OI6,2007-06-19T00:00:00Z,2.2,experimental
1148,6LMS,2020-07-22T00:00:00Z,"['n', 'u', 'l', 'l']",experimental
1149,2MO0,2014-08-20T00:00:00Z,"['n', 'u', 'l', 'l']",experimental
1150,3TMY,1997-12-03T00:00:00Z,2.2,experimental
1151,6Y9T,2020-05-27T00:00:00Z,2.78,experimental
1152,1VFU,2005-02-08T00:00:00Z,3.1,experimental
1153,6P9Q,2020-03-11T00:00:00Z,1.7,experimental
1154,3UDC,2012-10-31T00:00:00Z,3.355,experimental
1155,6B4O,2017-10-11T00:00:00Z,1.73,experimental
1156,2FFA,2006-08-08T00:00:00Z,1.7,experimental
1157,4MKI,2013-10-30T00:00:00Z,2.3,experimental
1158,6BPL,2018-05-02T00:00:00Z,2.908,experimental
1159,1EO5,2000-11-22T00:00:00Z,2.0,experimental
1160,1CEY,1995-02-07T00:00:00Z,"['n', 'u', 'l', 'l']",experimental
1161,4CGT,1998-08-12T00:00:00Z,2.6,experimental
1162,7KF5,2021-04-14T00:00:00Z,3.2,experimental
1163,3TUZ,2011-11-30T00:00:00Z,3.4,experimental
1164,6E15,2018-10-17T00:00:00Z,5.1,experimental
1165,6R81,2020-05-06T00:00:00Z,3.9,experimental
1166,7N59,2022-04-13T00:00:00Z,3.6,experimental
1167,4GVP,2013-05-08T00:00:00Z,2.03,experimental
1168,4UHS,2016-04-13T00:00:00Z,5.0,experimental
1169,6MHZ,2019-04-03T00:00:00Z,4.1,experimental
1170,1MO9,2002-11-27T00:00:00Z,1.65,experimental
1171,1JEH,2001-07-11T00:00:00Z,2.4,experimental
1172,4YMW,2015-04-22T00:00:00Z,2.804,experimental
1173,6ZY4,2020-11-25T00:00:00Z,4.1,experimental
1174,7ZDE,2023-04-19T00:00:00Z,3.17,experimental
1175,3KSO,2010-09-22T00:00:00Z,4.367,experimental
1176,4I71,2013-08-07T00:00:00Z,1.28,experimental
1177,3PF4,2011-09-21T00:00:00Z,1.38,experimental
1178,7CAF,2020-12-02T00:00:00Z,3.3,experimental
1179,6MI7,2019-04-03T00:00:00Z,4.2,experimental
1180,4H8V,2013-09-25T00:00:00Z,1.95,experimental
1181,6LID,2020-04-29T00:00:00Z,2.7,experimental
1182,3A0J,2010-03-23T00:00:00Z,1.65,experimental
1183,6UJN,2020-05-27T00:00:00Z,3.98,experimental
1184,1ZDL,2005-11-01T00:00:00Z,3.0,experimental
1185,5SA2,2022-06-15T00:00:00Z,1.78,experimental
1186,2FTK,2006-07-18T00:00:00Z,3.05,experimental
1187,6B89,2017-12-06T00:00:00Z,2.0,experimental
1188,4WLC,2015-08-26T00:00:00Z,2.402,experimental
1189,1BDJ,1999-05-11T00:00:00Z,2.68,experimental
1190,5VMK,2017-05-24T00:00:00Z,2.55,experimental
1191,1Q1B,2003-09-30T00:00:00Z,2.8,experimental
1192,1BF8,1998-11-18T00:00:00Z,"['n', 'u', 'l', 'l']",experimental
1193,7ARJ,2021-04-07T00:00:00Z,3.2,experimental
1194,6OLJ,2019-11-20T00:00:00Z,7.8,experimental
1195,7ARI,2021-04-07T00:00:00Z,3.4,experimental
1196,5X41,2017-04-19T00:00:00Z,3.47,experimental
1197,7DCH,2021-08-11T00:00:00Z,1.692,experimental
1198,3LAD,1994-01-31T00:00:00Z,2.2,experimental
1199,6F8L,2018-08-01T00:00:00Z,8.0,experimental
1200,5ZCE,2018-12-26T00:00:00Z,1.555,experimental
1201,7TAA,1998-11-25T00:00:00Z,1.98,experimental
1202,3T57,2012-05-23T00:00:00Z,2.1,experimental
1203,6UZI,2020-01-15T00:00:00Z,2.8,experimental
1204,7FJ7,2022-08-10T00:00:00Z,2.5,experimental
1205,1ZK7,2005-07-05T00:00:00Z,1.6,experimental
1206,3TNL,2011-09-28T00:00:00Z,1.45,experimental
1207,4HNQ,2013-10-02T00:00:00Z,2.4,experimental
1208,1Z47,2005-06-07T00:00:00Z,1.9,experimental
1209,7SSI,2022-11-16T00:00:00Z,3.41,experimental
1210,3JYO,2010-10-27T00:00:00Z,1.0,experimental
1211,5GRT,1997-08-12T00:00:00Z,2.4,experimental
1212,4HZU,2013-04-17T00:00:00Z,3.53,experimental
1213,6YQC,2021-02-10T00:00:00Z,1.35,experimental
1214,1CIU,1996-03-08T00:00:00Z,2.3,experimental
1215,4UHK,2016-04-13T00:00:00Z,2.6,experimental
1216,6S8N,2019-09-25T00:00:00Z,3.1,experimental
1217,1OT2,2003-06-03T00:00:00Z,2.1,experimental
1218,3F65,2009-05-19T00:00:00Z,2.29,experimental
1219,8DMM,2022-12-14T00:00:00Z,3.47,experimental
1220,6QRJ,2020-01-08T00:00:00Z,2.65,experimental
1221,1CGT,1994-01-31T00:00:00Z,2.0,experimental
1222,1D7Y,2000-12-20T00:00:00Z,2.1,experimental
1223,6MBN,2019-08-14T00:00:00Z,1.957,experimental
1224,7ZDG,2023-04-19T00:00:00Z,2.77,experimental
1225,1HP0,2001-12-12T00:00:00Z,2.1,experimental
1226,1KGS,2001-12-05T00:00:00Z,1.5,experimental
1227,7CAD,2020-12-02T00:00:00Z,3.41,experimental
1228,1ZJB,2006-10-17T00:00:00Z,1.8,experimental
1229,6ZY3,2020-11-25T00:00:00Z,3.3,experimental
1230,1O9B,2003-02-01T00:00:00Z,2.5,experimental
1231,2TMY,1997-12-03T00:00:00Z,2.3,experimental
1232,6OWS,2019-06-19T00:00:00Z,2.98,experimental
1233,5TR3,2016-11-09T00:00:00Z,2.5,experimental
1234,7KGE,2021-03-10T00:00:00Z,3.21,experimental
1235,7ZE5,2023-04-19T00:00:00Z,2.94,experimental
1236,1I3C,2002-03-06T00:00:00Z,1.9,experimental
1237,7FJ8,2022-08-10T00:00:00Z,2.1,experimental
1238,1VF7,2004-05-25T00:00:00Z,2.4,experimental
1239,6ZIX,2021-02-17T00:00:00Z,3.4,experimental
1240,1JOA,1997-01-11T00:00:00Z,2.8,experimental
1241,2JVJ,2008-02-05T00:00:00Z,"['n', 'u', 'l', 'l']",experimental
1242,8F3E,2022-12-28T00:00:00Z,3.09,experimental
1243,8F4N,2022-12-28T00:00:00Z,2.95,experimental
1244,1ZMC,2005-06-28T00:00:00Z,2.53,experimental
1245,4ZMS,2016-04-27T00:00:00Z,1.9,experimental
1246,7MDX,2021-08-11T00:00:00Z,3.8,experimental
1247,4WR2,2014-11-12T00:00:00Z,1.7,experimental
1248,3DFG,2008-11-04T00:00:00Z,1.5,experimental
1249,4XTC,2016-03-02T00:00:00Z,3.6,experimental
1250,4P31,2014-03-26T00:00:00Z,2.05,experimental
1251,2ZIC,2008-06-24T00:00:00Z,2.2,experimental
1252,4H2C,2013-02-13T00:00:00Z,1.7,experimental
1253,8DMO,2022-12-14T00:00:00Z,3.9,experimental
1254,5KPJ,2016-11-30T00:00:00Z,3.5,experimental
1255,1KCL,2002-01-16T00:00:00Z,1.94,experimental
1256,7LV6,2022-03-09T00:00:00Z,1.1,experimental
1257,4AEF,2012-10-31T00:00:00Z,2.34,experimental
1258,3FZ0,2010-01-26T00:00:00Z,2.5,experimental
1259,4NEW,2014-05-14T00:00:00Z,2.8,experimental
1260,2X50,2011-01-12T00:00:00Z,3.3,experimental
1261,6K5P,2019-09-11T00:00:00Z,1.805,experimental
1262,3EOD,2009-10-06T00:00:00Z,1.75,experimental
1263,5YTX,2018-12-05T00:00:00Z,1.551,experimental
1264,1B0U,1999-11-17T00:00:00Z,1.5,experimental
1265,4KSB,2013-07-31T00:00:00Z,3.8001,experimental
1266,2FF1,2006-05-23T00:00:00Z,2.07,experimental
1267,1OXS,2003-06-17T00:00:00Z,1.65,experimental
1268,1EO7,2000-11-22T00:00:00Z,2.48,experimental
1269,2D2O,2006-08-29T00:00:00Z,2.1,experimental
1270,2EQ6,2008-04-01T00:00:00Z,1.6,experimental
1271,4JDR,2013-04-24T00:00:00Z,2.5,experimental
1272,2ONK,2007-03-06T00:00:00Z,3.1,experimental
1273,7ZEC,2023-04-19T00:00:00Z,3.05,experimental
1274,3NH6,2010-08-25T00:00:00Z,2.0,experimental
1275,3NHA,2010-08-25T00:00:00Z,2.1,experimental
1276,1ZGZ,2005-12-13T00:00:00Z,1.8,experimental
1277,1JIB,2001-07-25T00:00:00Z,3.3,experimental
1278,7VOH,2022-03-02T00:00:00Z,2.197,experimental
1279,8F4R,2022-12-28T00:00:00Z,3.06,experimental
1280,4DNA,2012-03-21T00:00:00Z,2.8,experimental
1281,1CGU,1994-01-31T00:00:00Z,2.5,experimental
1282,7NVP,2022-03-30T00:00:00Z,2.153,experimental
1283,6AIJ,2018-10-10T00:00:00Z,2.096,experimental
1284,2JF2,2007-04-24T00:00:00Z,1.8,experimental
1285,1Q12,2003-09-30T00:00:00Z,2.6,experimental
1286,4FLR,2012-10-31T00:00:00Z,2.4,experimental
1287,1NPD,2003-01-28T00:00:00Z,2.3,experimental
1288,7ZDL,2023-04-19T00:00:00Z,3.35,experimental
1289,7N5A,2022-04-13T00:00:00Z,3.95,experimental
1290,7RY3,2022-02-02T00:00:00Z,2.91,experimental
1291,1I5F,2001-11-07T00:00:00Z,1.4,experimental
1292,3DGF,2009-07-07T00:00:00Z,2.0,experimental
1293,1GSN,1998-05-27T00:00:00Z,1.7,experimental
1294,2BH8,2005-02-07T00:00:00Z,1.9,experimental
1295,6ZK4,2022-01-12T00:00:00Z,1.95,experimental
1296,7ZDW,2023-04-19T00:00:00Z,3.35,experimental
1297,1U0S,2004-08-10T00:00:00Z,1.9,experimental
1298,7OW8,2022-01-19T00:00:00Z,3.5,experimental
1299,1L4I,2002-06-12T00:00:00Z,2.2,experimental
1300,3C3W,2008-04-22T00:00:00Z,2.2,experimental
1301,1GRF,1994-01-31T00:00:00Z,2.0,experimental
1302,3DON,2009-05-05T00:00:00Z,2.1,experimental
1303,3KHY,2010-01-19T00:00:00Z,1.978,experimental
1304,5YTT,2018-12-05T00:00:00Z,1.6,experimental
1305,6WSH,2021-05-05T00:00:00Z,2.12,experimental
1306,6TEJ,2020-04-01T00:00:00Z,2.7,experimental
1307,1CXE,1995-12-15T00:00:00Z,2.1,experimental
1308,3TWD,2011-10-19T00:00:00Z,1.9,experimental
1309,4JA2,2013-09-04T00:00:00Z,1.79,experimental
1310,7CCI,2021-06-23T00:00:00Z,1.65,experimental
1311,2X99,2010-07-21T00:00:00Z,2.3,experimental
1312,3B5J,2008-01-15T00:00:00Z,2.0,experimental
1313,1BZL,1999-11-10T00:00:00Z,2.4,experimental
1314,8AJK,2023-03-01T00:00:00Z,1.6,experimental
1315,4KPO,2013-11-27T00:00:00Z,2.49,experimental
1316,6RB5,2020-05-13T00:00:00Z,1.977,experimental
1317,7AHC,2020-11-25T00:00:00Z,3.3,experimental
1318,8FEF,2023-02-22T00:00:00Z,2.71,experimental
1319,1G1Y,2001-03-14T00:00:00Z,3.0,experimental
1320,2W07,2008-11-25T00:00:00Z,2.2,experimental
1321,3CGC,2008-04-22T00:00:00Z,2.3,experimental
1322,2V4D,2009-04-14T00:00:00Z,3.2,experimental
1323,1G99,2000-12-27T00:00:00Z,2.5,experimental
1324,5EP0,2016-04-20T00:00:00Z,1.6,experimental
1325,8DB7,2022-09-07T00:00:00Z,2.33,experimental
1326,7R8D,2021-09-08T00:00:00Z,3.2,experimental
1327,7DV5,2022-01-19T00:00:00Z,3.7,experimental
1328,7SZO,2021-12-29T00:00:00Z,2.8,experimental
1329,4FWS,2013-06-19T00:00:00Z,2.69,experimental
1330,2PCJ,2007-10-02T00:00:00Z,1.7,experimental
1331,4DNR,2013-02-13T00:00:00Z,3.68,experimental
1332,1NHP,1995-02-14T00:00:00Z,2.0,experimental
1333,7ZO8,2022-12-07T00:00:00Z,3.6,experimental
1334,7MDY,2021-08-11T00:00:00Z,3.5,experimental
1335,3EQ2,2009-10-20T00:00:00Z,3.401,experimental
1336,2LLE,2012-03-21T00:00:00Z,"['n', 'u', 'l', 'l']",experimental
1337,7CH9,2021-10-06T00:00:00Z,3.5,experimental
1338,6SWH,2020-10-07T00:00:00Z,2.8,experimental
1339,6TAA,1993-10-31T00:00:00Z,2.1,experimental
1340,6IS2,2019-10-30T00:00:00Z,1.591,experimental
1341,4LSG,2013-07-31T00:00:00Z,3.8,experimental
1342,4KFC,2014-02-19T00:00:00Z,2.53,experimental
1343,1QPP,1999-07-07T00:00:00Z,2.6,experimental
1344,5XU1,2018-01-24T00:00:00Z,3.3,experimental
1345,4F4C,2012-09-26T00:00:00Z,3.4,experimental
1346,7DCG,2021-08-11T00:00:00Z,1.53,experimental
1347,1ZES,2005-09-20T00:00:00Z,1.9,experimental
1348,6RH2,2020-02-19T00:00:00Z,2.0,experimental
1349,2GR2,2007-05-22T00:00:00Z,1.85,experimental
1350,4H4P,2013-10-09T00:00:00Z,1.502,experimental
1351,2WOW,2010-08-04T00:00:00Z,2.2,experimental
1352,1FSP,1997-12-10T00:00:00Z,"['n', 'u', 'l', 'l']",experimental
1353,2FMK,2006-05-23T00:00:00Z,1.999,experimental
1354,1IZJ,2003-07-29T00:00:00Z,2.2,experimental
1355,2FGK,2006-08-08T00:00:00Z,2.7,experimental
1356,1OT1,2003-06-03T00:00:00Z,2.0,experimental
1357,5ZCD,2018-12-26T00:00:00Z,1.707,experimental
1358,3F6P,2010-03-02T00:00:00Z,1.95,experimental
1359,3W9S,2013-07-24T00:00:00Z,1.7,experimental
1360,4K28,2013-04-17T00:00:00Z,2.15,experimental
1361,1VCI,2004-12-14T00:00:00Z,2.9,experimental
1362,1TUY,2005-01-11T00:00:00Z,3.0,experimental
1363,7L9C,2021-04-07T00:00:00Z,1.85,experimental
1364,1XHF,2005-05-17T00:00:00Z,2.152,experimental
1365,3L6H,2010-05-19T00:00:00Z,2.3,experimental
1366,1GRA,1994-01-31T00:00:00Z,2.0,experimental
1367,4I73,2013-08-07T00:00:00Z,2.18,experimental
1368,4GR1,1991-10-15T00:00:00Z,2.4,experimental
1369,8DB6,2022-09-07T00:00:00Z,2.02,experimental
1370,7V8M,2022-08-31T00:00:00Z,4.2,experimental
1371,6B8B,2017-12-06T00:00:00Z,1.95,experimental
1372,7PVK,2022-12-14T00:00:00Z,2.4,experimental
1373,1X3N,2005-09-27T00:00:00Z,2.3,experimental
1374,7P07,2021-10-06T00:00:00Z,2.13,experimental
1375,2XG4,2010-07-14T00:00:00Z,2.4,experimental
1376,5J5Z,2017-11-15T00:00:00Z,1.84,experimental
1377,3JYQ,2010-10-27T00:00:00Z,1.16,experimental
1378,4J56,2013-07-10T00:00:00Z,2.371,experimental
1379,4DK1,2012-03-07T00:00:00Z,3.499,experimental
1380,7CGN,2020-09-09T00:00:00Z,4.3,experimental
1381,6LI9,2020-04-29T00:00:00Z,2.3,experimental
1382,7D09,2020-12-16T00:00:00Z,3.6,experimental
1383,7OII,2022-01-19T00:00:00Z,3.0,experimental
1384,3FH6,2009-03-03T00:00:00Z,4.5,experimental
1385,4GIA,2013-02-13T00:00:00Z,2.01,experimental
1386,7CH6,2021-08-04T00:00:00Z,3.4,experimental
1387,3T8I,2012-05-16T00:00:00Z,1.8,experimental
1388,7X0Q,2022-09-14T00:00:00Z,2.9,experimental
1389,3JC8,2016-03-16T00:00:00Z,"['n', 'u', 'l', 'l']",experimental
1390,7FJ9,2022-08-10T00:00:00Z,2.3,experimental
1391,5UDZ,2017-03-22T00:00:00Z,2.0,experimental
1392,6TA5,2020-09-16T00:00:00Z,3.2,experimental
1393,1SD5,2004-09-21T00:00:00Z,1.68,experimental
1394,6EO2,2017-11-15T00:00:00Z,2.6,experimental
1395,3G60,2009-03-24T00:00:00Z,4.4,experimental
1396,1MT0,2003-06-17T00:00:00Z,2.6,experimental
1397,6ZY9,2020-11-25T00:00:00Z,3.3,experimental
1398,4IF4,2013-05-08T00:00:00Z,2.35,experimental
1399,7ZK7,2023-04-26T00:00:00Z,3.2,experimental
1400,2WPC,2010-10-13T00:00:00Z,2.1,experimental
1401,6RH0,2020-02-19T00:00:00Z,2.87,experimental
1402,1J0H,2003-01-28T00:00:00Z,1.9,experimental
1403,1FEC,1997-01-11T00:00:00Z,1.7,experimental
1404,1A2O,1998-04-29T00:00:00Z,2.4,experimental
1405,1X9J,2005-08-30T00:00:00Z,3.0,experimental
1406,2PWE,2007-06-26T00:00:00Z,2.0,experimental
1407,1NY5,2003-11-11T00:00:00Z,2.4,experimental
1408,6MI8,2019-04-03T00:00:00Z,4.3,experimental
1409,7P4W,2021-08-25T00:00:00Z,2.28,experimental
1410,7LHH,2021-08-11T00:00:00Z,7.2,experimental
1411,3UEQ,2012-01-11T00:00:00Z,1.85,experimental
1412,7ZD5,2023-04-19T00:00:00Z,3.17,experimental
1413,8AVV,2022-12-21T00:00:00Z,3.4,experimental
1414,6LR0,2020-04-15T00:00:00Z,3.5,experimental
1415,3TS2,2011-11-16T00:00:00Z,2.01,experimental
1416,7V8L,2022-09-21T00:00:00Z,3.5,experimental
1417,3C41,2009-02-03T00:00:00Z,2.25,experimental
1418,3K8L,2010-03-02T00:00:00Z,2.3,experimental
1419,6ER7,2018-10-31T00:00:00Z,2.62,experimental
1420,7COL,2021-08-04T00:00:00Z,1.95,experimental
1421,5Z0U,2018-02-21T00:00:00Z,1.37,experimental
1422,7JJN,2021-06-23T00:00:00Z,2.25,experimental
1423,4KSD,2013-07-31T00:00:00Z,4.1001,experimental
1424,7FDV,2022-06-22T00:00:00Z,3.26,experimental
1425,3A6O,2009-09-22T00:00:00Z,2.8,experimental
1426,7OT5,2022-01-19T00:00:00Z,2.9,experimental
1427,1DNC,1998-05-27T00:00:00Z,1.7,experimental
1428,4MT1,2014-08-06T00:00:00Z,3.54,experimental
1429,6RGY,2020-02-19T00:00:00Z,2.2,experimental
1430,7FJA,2022-08-10T00:00:00Z,2.2,experimental
1431,3TOZ,2011-09-21T00:00:00Z,2.2,experimental
1432,7W79,2022-06-22T00:00:00Z,3.1,experimental
1433,6ZY2,2020-11-25T00:00:00Z,3.6,experimental
1434,7M4Q,2021-05-19T00:00:00Z,2.87,experimental
1435,1CYE,1995-02-07T00:00:00Z,"['n', 'u', 'l', 'l']",experimental
1436,6P9R,2020-03-11T00:00:00Z,1.75,experimental
1437,5KPI,2016-11-30T00:00:00Z,4.01,experimental
1438,1NDA,1994-09-30T00:00:00Z,3.3,experimental
1439,6P9S,2020-03-11T00:00:00Z,1.7,experimental
1440,1MW0,2002-12-18T00:00:00Z,2.01,experimental
1441,1CXL,1999-05-03T00:00:00Z,1.81,experimental
1442,5BUN,2015-12-23T00:00:00Z,2.98,experimental
1443,6HQV,2020-05-06T00:00:00Z,3.0,experimental
1444,4A75,2012-09-05T00:00:00Z,1.75,experimental
1445,4M8U,2013-09-25T00:00:00Z,1.45,experimental
1446,3WY3,2015-06-10T00:00:00Z,3.0,experimental
1447,1P74,2003-08-12T00:00:00Z,2.4,experimental
1448,5S9Y,2022-06-15T00:00:00Z,1.75,experimental
1449,4I75,2013-08-07T00:00:00Z,1.8,experimental
1450,7KGG,2021-03-10T00:00:00Z,2.97,experimental
1451,5ZFR,2018-09-19T00:00:00Z,3.1,experimental
1452,6ZST,2021-05-19T00:00:00Z,1.7,experimental
1453,5X1Y,2017-10-04T00:00:00Z,3.48,experimental
1454,6YIR,2020-11-18T00:00:00Z,1.68,experimental
1455,3TUI,2011-11-30T00:00:00Z,2.9,experimental
1456,1F51,2000-08-23T00:00:00Z,3.0,experimental
1457,5LQ3,2017-08-09T00:00:00Z,3.55,experimental
1458,1WZL,2005-03-22T00:00:00Z,2.0,experimental
1459,6T98,2020-11-18T00:00:00Z,3.0,experimental
1460,7LKZ,2021-03-03T00:00:00Z,3.27,experimental
1461,6OJX,2019-11-20T00:00:00Z,1.892,experimental
1462,3CG4,2008-03-11T00:00:00Z,1.61,experimental
1463,3F7A,2009-11-24T00:00:00Z,4.308,experimental
1464,2GVY,2006-08-15T00:00:00Z,1.8,experimental
1465,5MJ7,2017-03-08T00:00:00Z,1.65,experimental
1466,6OK2,2019-11-20T00:00:00Z,3.287,experimental
1467,7D9C,2021-08-11T00:00:00Z,1.36,experimental
1468,7NNT,2021-08-18T00:00:00Z,3.4,experimental
1469,6RH7,2020-02-19T00:00:00Z,2.0,experimental
1470,6IS3,2019-10-30T00:00:00Z,1.549,experimental
1471,7CZ9,2021-09-22T00:00:00Z,1.85,experimental
1472,3T4E,2011-08-17T00:00:00Z,1.95,experimental
1473,3CFY,2008-03-18T00:00:00Z,2.5,experimental
1474,5CGT,1998-08-12T00:00:00Z,2.5,experimental
1475,3KYJ,2010-02-16T00:00:00Z,1.4,experimental
1476,3A0R,2009-10-20T00:00:00Z,3.8,experimental
1477,5H2T,2017-10-18T00:00:00Z,2.796,experimental
1478,4FLQ,2012-10-31T00:00:00Z,2.5,experimental
1479,5N7J,2017-06-28T00:00:00Z,2.001,experimental
1480,5Z0T,2018-02-21T00:00:00Z,1.5,experimental
1481,6OD1,2019-04-24T00:00:00Z,2.0,experimental
1482,4GO8,2013-08-21T00:00:00Z,2.15,experimental
1483,6RTO,2020-01-08T00:00:00Z,2.3,experimental
1484,7AHE,2020-11-25T00:00:00Z,4.1,experimental
1485,4Y1K,2015-08-05T00:00:00Z,3.8,experimental
1486,3D31,2008-06-10T00:00:00Z,3.0,experimental
1487,2OI7,2007-06-19T00:00:00Z,2.54,experimental
1488,2GQW,2007-05-22T00:00:00Z,1.4,experimental
1489,3PHI,2011-11-09T00:00:00Z,2.04,experimental
1490,1PEY,2004-05-18T00:00:00Z,2.25,experimental
1491,5YKB,2017-10-25T00:00:00Z,2.76,experimental
1492,1XAN,1996-07-11T00:00:00Z,2.0,experimental
1493,6IC4,2019-01-23T00:00:00Z,8.7,experimental
1494,3WY2,2015-06-10T00:00:00Z,1.471,experimental
1495,1OXX,2003-09-30T00:00:00Z,1.45,experimental
1496,7Y49,2023-04-19T00:00:00Z,3.67,experimental
1497,7D7R,2020-10-21T00:00:00Z,4.0,experimental
1498,4TQV,2015-07-22T00:00:00Z,4.504,experimental
1499,3EPW,2009-03-24T00:00:00Z,1.3,experimental
1500,6UJT,2020-05-27T00:00:00Z,4.17,experimental
1501,1I75,2001-04-11T00:00:00Z,2.0,experimental
1502,1MJC,1994-06-22T00:00:00Z,2.0,experimental
1503,4YMV,2015-04-22T00:00:00Z,3.003,experimental
1504,2OLK,2008-01-15T00:00:00Z,2.1,experimental
1505,7ZDB,2023-04-19T00:00:00Z,3.35,experimental
1506,7U5U,2022-05-04T00:00:00Z,3.16,experimental
1507,6RTJ,2020-01-08T00:00:00Z,2.0,experimental
1508,3B9X,2008-04-01T00:00:00Z,2.3,experimental
1509,6KUG,2020-02-05T00:00:00Z,1.4,experimental
1510,2PWH,2007-06-26T00:00:00Z,2.0,experimental
1511,7DNZ,2022-06-22T00:00:00Z,3.6,experimental
1512,1EBD,1996-07-11T00:00:00Z,2.6,experimental
1513,5U8U,2017-02-15T00:00:00Z,1.35,experimental
1514,3M6M,2010-09-22T00:00:00Z,2.5,experimental
1515,6KGY,2020-02-05T00:00:00Z,2.9,experimental
1516,7WIX,2023-01-25T00:00:00Z,3.53,experimental
1517,1YS6,2006-02-07T00:00:00Z,1.77,experimental
1518,4E6U,2012-12-12T00:00:00Z,1.41,experimental
1519,5EBK,2016-10-26T00:00:00Z,3.51,experimental
1520,7LHG,2021-08-11T00:00:00Z,3.8,experimental
1521,1F3P,2001-06-06T00:00:00Z,2.4,experimental
1522,3T53,2012-06-20T00:00:00Z,3.37,experimental
1523,4H8U,2013-09-25T00:00:00Z,2.0,experimental
1524,1CGV,1995-02-27T00:00:00Z,2.5,experimental
1525,2A9O,2006-09-26T00:00:00Z,1.65,experimental
1526,3F6I,2009-05-19T00:00:00Z,2.788,experimental
1527,4GI6,2013-02-13T00:00:00Z,2.15,experimental
1528,6YQB,2021-02-10T00:00:00Z,1.5,experimental
1529,4B09,2013-07-10T00:00:00Z,3.3,experimental
1530,1JF6,2002-05-22T00:00:00Z,3.2,experimental
1531,2AAQ,2006-04-04T00:00:00Z,2.6,experimental
1532,2I5L,2007-05-22T00:00:00Z,2.55,experimental
1533,8F56,2022-12-28T00:00:00Z,2.98,experimental
1534,3CZ5,2008-05-06T00:00:00Z,2.7,experimental
1535,7U5T,2022-05-04T00:00:00Z,3.43,experimental
1536,8DZF,2022-10-26T00:00:00Z,3.69,experimental
1537,2ZWM,2009-07-14T00:00:00Z,2.04,experimental
1538,2D0F,2006-07-11T00:00:00Z,2.08,experimental
1539,2WPE,2010-10-13T00:00:00Z,2.1,experimental
1540,6A6L,2019-06-19T00:00:00Z,1.78,experimental
1541,3H1E,2010-03-09T00:00:00Z,2.4,experimental
1542,7A69,2020-10-21T00:00:00Z,3.2,experimental
1543,4NIC,2014-07-16T00:00:00Z,3.18,experimental
1544,4H8H,2013-09-25T00:00:00Z,2.0,experimental
1545,3CGT,1998-05-27T00:00:00Z,2.4,experimental
1546,3T8J,2012-05-16T00:00:00Z,1.6,experimental
1547,3IC9,2009-07-28T00:00:00Z,2.15,experimental
1548,2QAE,2008-07-22T00:00:00Z,1.9,experimental
1549,3C97,2008-03-11T00:00:00Z,1.7,experimental
1550,3EAO,2008-12-02T00:00:00Z,3.1,experimental
1551,4Q9J,2015-03-04T00:00:00Z,3.6,experimental
1552,1IZK,2003-07-29T00:00:00Z,2.2,experimental
1553,4LE0,2014-07-16T00:00:00Z,2.27,experimental
1554,1J2Z,2004-01-27T00:00:00Z,2.1,experimental
1555,6EXR,2018-12-12T00:00:00Z,2.16,experimental
1556,1LWH,2002-07-03T00:00:00Z,2.6,experimental
1557,1NXW,2004-02-17T00:00:00Z,1.92,experimental
1558,8DB9,2022-09-07T00:00:00Z,2.89,experimental
1559,6ZK5,2022-01-12T00:00:00Z,1.9,experimental
1560,4J57,2013-07-10T00:00:00Z,2.5,experimental
1561,4FLO,2012-10-31T00:00:00Z,2.2,experimental
1562,1H6V,2001-08-14T00:00:00Z,3.0,experimental
1563,3SQP,2011-09-14T00:00:00Z,2.21,experimental
1564,4P32,2014-03-26T00:00:00Z,1.55,experimental
1565,1NMF,1996-07-11T00:00:00Z,"['n', 'u', 'l', 'l']",experimental
1566,1GET,1994-11-01T00:00:00Z,2.0,experimental
1567,1GXF,2004-05-06T00:00:00Z,2.7,experimental
1568,8DB8,2022-09-07T00:00:00Z,2.21,experimental
1569,4WF7,2014-12-24T00:00:00Z,2.21,experimental
1570,2CY0,2005-07-12T00:00:00Z,1.9,experimental
1571,3JVV,2010-06-02T00:00:00Z,2.6,experimental
1572,5IUL,2016-12-21T00:00:00Z,3.153,experimental
1573,3KYI,2010-02-16T00:00:00Z,2.8,experimental
1574,2PCL,2007-10-02T00:00:00Z,1.7,experimental
1575,1XHE,2005-05-17T00:00:00Z,2.5,experimental
1576,7D06,2020-12-16T00:00:00Z,3.1,experimental
1577,2PL9,2008-01-15T00:00:00Z,2.6,experimental
1578,6A0L,2018-09-12T00:00:00Z,2.1,experimental
1579,6XGY,2020-07-15T00:00:00Z,2.9,experimental
1580,3PV0,2011-05-18T00:00:00Z,3.1,experimental
1581,2LXK,2013-08-07T00:00:00Z,"['n', 'u', 'l', 'l']",experimental
1582,6FN1,2018-02-21T00:00:00Z,3.58,experimental
1583,1EA9,2002-06-06T00:00:00Z,3.2,experimental
1584,4IGA,2013-04-24T00:00:00Z,1.73,experimental
1585,3NHZ,2010-08-11T00:00:00Z,2.5,experimental
1586,3EDD,2009-03-03T00:00:00Z,2.65,experimental
1587,6AON,2017-08-23T00:00:00Z,1.72,experimental
1588,5OIU,2018-08-08T00:00:00Z,2.44,experimental
1589,4AYT,2012-07-11T00:00:00Z,2.85,experimental
1590,3G61,2009-03-24T00:00:00Z,4.35,experimental
1591,5M99,2017-07-19T00:00:00Z,1.96,experimental
1592,6AAV,2019-07-24T00:00:00Z,1.72,experimental
1593,7R8C,2021-09-08T00:00:00Z,3.7,experimental
1594,2CXG,1998-10-14T00:00:00Z,2.5,experimental
1595,7BG4,2022-01-12T00:00:00Z,4.2,experimental
1596,5U1O,2016-12-14T00:00:00Z,2.31,experimental
1597,4U02,2015-05-13T00:00:00Z,2.399,experimental
1598,7PSC,2023-04-05T00:00:00Z,2.436,experimental
1599,6FMU,2018-06-06T00:00:00Z,1.8,experimental
1600,6IS1,2019-10-30T00:00:00Z,1.59,experimental
1601,3PUY,2011-05-18T00:00:00Z,3.1,experimental
1602,4KI0,2013-10-23T00:00:00Z,2.38,experimental
1603,3L8K,2010-02-09T00:00:00Z,2.5,experimental
1604,2L15,2010-09-15T00:00:00Z,"['n', 'u', 'l', 'l']",experimental
1605,5GKO,2017-11-15T00:00:00Z,3.393,experimental
1606,7WIV,2023-01-25T00:00:00Z,2.88,experimental
1607,7A6F,2020-10-14T00:00:00Z,3.5,experimental
1608,7W7B,2022-06-22T00:00:00Z,3.0,experimental
1609,1V3L,2004-08-03T00:00:00Z,2.1,experimental
1610,3FFX,2009-09-22T00:00:00Z,2.01,experimental
1611,1GES,1994-11-01T00:00:00Z,1.74,experimental
