,stype,gene_stoichiometry,pdb_quality,identical_structures,AA_length,total_quality,percent_true,quality_rank,percent_true_rank,pdb_entry,pdb_quality_needle
7ahc-assembly1.cif_&_MATCH_0,PDB,"{'b2678': 2, 'b2677': 2}","{'b2678': {'A-0': [True, 1.0], 'B-0': [True, 1.0]}, 'b2677': {'C-0': [True, 1.0], 'D-0': [True, 1.0]}}","['7ahc-assembly1.cif_&_MATCH_0', '7ahe-assembly1.cif_&_MATCH_0', '7ahh-assembly1.cif_&_MATCH_0', '7ahd-assembly1.cif_&_MATCH_0', '3tuj-assembly1.cif_&_MATCH_0', '6cvl-assembly1.cif_&_MATCH_0']",1508.0,37.826259946949605,0.0,1.0,1.0,7ahc,"{'b2678': {'A-0': [False, 36.5], 'B-0': [False, 36.5]}, 'b2677': {'C-0': [False, 39.0], 'D-0': [False, 39.0]}}"
7ahc-assembly1.cif_&_MATCH_1,PDB,"{'b2678': 2, 'b0879': 2}","{'b2678': {'A-0': [True, 1.0], 'B-0': [True, 1.0]}, 'b0879': {'C-0': [False, 0.06390041493775933], 'D-0': [False, 0.06390041493775933]}}","['7ahc-assembly1.cif_&_MATCH_1', '7ahe-assembly1.cif_&_MATCH_1', '7ahh-assembly1.cif_&_MATCH_1', '7ahd-assembly1.cif_&_MATCH_1', '3tuj-assembly1.cif_&_MATCH_1', '6cvl-assembly1.cif_&_MATCH_1']",2004.0,21.17305389221557,0.0,1.0,1.0,7ahc,"{'b2678': {'A-0': [False, 36.5], 'B-0': [False, 36.5]}, 'b0879': {'C-0': [False, 12.8], 'D-0': [False, 12.8]}}"
7ahc-assembly1.cif_&_MATCH_2,PDB,"{'b2679': 2, 'b2677': 2}","{'b2679': {'A-0': [False, 0.0016778523489932886], 'B-0': [False, 0.0016778523489932886]}, 'b2677': {'C-0': [True, 1.0], 'D-0': [True, 1.0]}}","['7ahc-assembly1.cif_&_MATCH_2', '7ahe-assembly1.cif_&_MATCH_2', '7ahh-assembly1.cif_&_MATCH_2', '7ahd-assembly1.cif_&_MATCH_2']",1460.0,22.364383561643837,0.0,1.0,1.0,7ahc,"{'b2679': {'A-0': [False, 2.2], 'B-0': [False, 2.2]}, 'b2677': {'C-0': [False, 39.0], 'D-0': [False, 39.0]}}"
7ahc-assembly1.cif_&_MATCH_3,PDB,"{'b2679': 2, 'b0879': 2}","{'b2679': {'A-0': [False, 0.0016778523489932886], 'B-0': [False, 0.0016778523489932886]}, 'b0879': {'C-0': [False, 0.06390041493775933], 'D-0': [False, 0.06390041493775933]}}","['7ahc-assembly1.cif_&_MATCH_3', '7ahe-assembly1.cif_&_MATCH_3', '7ahh-assembly1.cif_&_MATCH_3', '7ahd-assembly1.cif_&_MATCH_3']",1956.0,9.223312883435582,0.0,1.0,1.0,7ahc,"{'b2679': {'A-0': [False, 2.2], 'B-0': [False, 2.2]}, 'b0879': {'C-0': [False, 12.8], 'D-0': [False, 12.8]}}"
2d62-assembly1.cif_&_MATCH_0,PDB,{'b2677': 2},"{'b2677': {'A-0': [False, 0.46394984326018807], 'A-1': [False, 0.46394984326018807]}}","['2d62-assembly1.cif_&_MATCH_0', '1g29-assembly1.cif_&_MATCH_0', '1g29-assembly3.cif_&_MATCH_0', '1v43-assembly1.cif_&_NOBFS_0', '1vci-assembly1.cif_&_NOBFS_0', '2it1-assembly1.cif_&_MATCH_0', '2olj-assembly1.cif_&_MATCH_0', '2q0h-assembly1.cif_&_MATCH_0', '3c41-assembly1.cif_&_MATCH_0', '3c4j-assembly1.cif_&_MATCH_0', '7cad-assembly1.cif_&_MATCH_0', '4yms-assembly1.cif_&_MATCH_0', '4ymt-assembly1.cif_&_MATCH_0', '4ymu-assembly1.cif_&_MATCH_0', '4ymv-assembly1.cif_&_MATCH_0', '4ymw-assembly1.cif_&_MATCH_0', '7cae-assembly1.cif_&_MATCH_0', '7caf-assembly1.cif_&_MATCH_0', '7cag-assembly1.cif_&_MATCH_0', '1z47-assembly1.cif_&_MATCH_0', '7x0q-assembly1.cif_&_NOBFS_0', '3d31-assembly1.cif_&_MATCH_0', '7mbz-assembly1.cif_&_MATCH_0', '7mc0-assembly1.cif_&_MATCH_0', '1f3o-assembly1.cif_&_MATCH_0', '1l2t-assembly1.cif_&_MATCH_0', '3fvq-assembly1.cif_&_MATCH_0', '1b0u-assembly1.cif_&_MATCH_0', '3tif-assembly1.cif_&_MATCH_0', '4tqu-assembly1.cif_&_MATCH_0', '4xig-assembly1.cif_&_MATCH_0', '4xtc-assembly1.cif_&_MATCH_0', '1q1e-assembly1.cif_&_MATCH_0', '3puv-assembly1.cif_&_MATCH_0', '3puw-assembly1.cif_&_MATCH_0', '3pux-assembly1.cif_&_MATCH_0', '3puy-assembly1.cif_&_MATCH_0', '3puz-assembly1.cif_&_MATCH_0', '3pv0-assembly1.cif_&_MATCH_0', '3rlf-assembly1.cif_&_MATCH_0', '4khz-assembly1.cif_&_MATCH_0', '4ki0-assembly1.cif_&_MATCH_0', '2r6g-assembly1.cif_&_MATCH_0', '6z5u-assembly1.cif_&_NOBFS_0', '7d06-assembly1.cif_&_NOBFS_0', '7d08-assembly1.cif_&_NOBFS_0', '7d09-assembly1.cif_&_NOBFS_0', '7d0a-assembly1.cif_&_NOBFS_0', '8fed-assembly1.cif_&_NOBFS_0', '8fee-assembly1.cif_&_NOBFS_0', '8fef-assembly1.cif_&_NOBFS_0', '6ic4-assembly1.cif_&_NOBFS_0', '4mki-assembly1.cif_&_NOBFS_0', '4yer-assembly1.cif_&_NOBFS_0', '7ch8-assembly1.cif_&_NOBFS_0', '7ch9-assembly1.cif_&_NOBFS_0', '7cha-assembly1.cif_&_NOBFS_0', '6xbd-assembly1.cif_&_NOBFS_0', '6xgy-assembly1.cif_&_NOBFS_0', '6zy2-assembly1.cif_&_NOBFS_0', '6zy3-assembly1.cif_&_NOBFS_0', '6zy4-assembly1.cif_&_NOBFS_0', '6zy9-assembly1.cif_&_NOBFS_0', '7cge-assembly1.cif_&_NOBFS_0', '7ch6-assembly1.cif_&_NOBFS_0', '7ch7-assembly1.cif_&_NOBFS_0', '7cgn-assembly1.cif_&_NOBFS_0', '7ch0-assembly1.cif_&_NOBFS_0', '7nnt-assembly1.cif_&_MATCH_0', '7nnu-assembly1.cif_&_MATCH_0', '4huq-assembly1.cif_&_MATCH_0', '4hzu-assembly1.cif_&_MATCH_0', '4rfs-assembly1.cif_&_MATCH_0', '7arh-assembly1.cif_&_MATCH_0', '7ari-assembly1.cif_&_MATCH_0', '7arj-assembly1.cif_&_MATCH_0', '7ark-assembly1.cif_&_MATCH_0', '7arl-assembly1.cif_&_MATCH_0', '7arm-assembly1.cif_&_MATCH_0', '7mdx-assembly1.cif_&_MATCH_0', '7mdy-assembly1.cif_&_MATCH_0', '7v8l-assembly1.cif_&_MATCH_0', '7v8m-assembly1.cif_&_MATCH_0', '7v8i-assembly1.cif_&_MATCH_0', '5lil-assembly1.cif_&_MATCH_0', '5lj6-assembly1.cif_&_MATCH_0', '5lj7-assembly1.cif_&_MATCH_0', '5gko-assembly1.cif_&_MATCH_0', '5ws4-assembly1.cif_&_MATCH_0', '7tcg-assembly1.cif_&_MATCH_0', '7tch-assembly1.cif_&_MATCH_0', '2pcj-assembly1.cif_&_MATCH_0', '2pcl-assembly1.cif_&_MATCH_0', '3zdq-assembly1.cif_&_NOBFS_0', '4ayt-assembly1.cif_&_NOBFS_0', '4ayw-assembly1.cif_&_NOBFS_0', '4ayx-assembly1.cif_&_NOBFS_0', '7n58-assembly1.cif_&_NOBFS_0', '7n59-assembly1.cif_&_NOBFS_0', '7n5a-assembly1.cif_&_NOBFS_0', '7n5b-assembly1.cif_&_NOBFS_0', '4lsg-assembly3.cif_&_MATCH_0', '4qc2-assembly1.cif_&_NOBFS_0', '6mhu-assembly1.cif_&_NOBFS_0', '6mhz-assembly1.cif_&_NOBFS_0', '6mi7-assembly1.cif_&_NOBFS_0', '6mi8-assembly1.cif_&_NOBFS_0', '6s8g-assembly1.cif_&_NOBFS_0', '6s8h-assembly1.cif_&_NOBFS_0', '6s8n-assembly1.cif_&_NOBFS_0', '7znu-assembly1.cif_&_NOBFS_0', '7zo8-assembly1.cif_&_NOBFS_0', '7zo9-assembly1.cif_&_NOBFS_0', '7zoa-assembly1.cif_&_NOBFS_0', '2hyd-assembly1.cif_&_NOBFS_0', '2onj-assembly1.cif_&_NOBFS_0', '4p33-assembly1.cif_&_NOBFS_0', '4p33-assembly2.cif_&_NOBFS_0']",800.0,32.0,0.0,1.0,1.0,2d62,"{'b2677': {'A-0': [False, 32.0], 'A-1': [False, 32.0]}}"
1g29-assembly2.cif_&_MATCH_0,PDB,{'b2677': 4},"{'b2677': {'1-0': [False, 0.43573667711598746], '2-0': [False, 0.43573667711598746], '1-1': [False, 0.43573667711598746], '2-1': [False, 0.43573667711598746]}}","['1g29-assembly2.cif_&_MATCH_0', '2olk-assembly1.cif_&_MATCH_0', '1l2t-assembly2.cif_&_MATCH_0', '3tif-assembly2.cif_&_MATCH_0', '4p33-assembly3.cif_&_NOBFS_0']",1600.0,30.2,0.0,1.0,1.0,1g29,"{'b2677': {'1-0': [False, 30.2], '2-0': [False, 30.2], '1-1': [False, 30.2], '2-1': [False, 30.2]}}"
4u00-assembly1.cif_&_MATCH_0,PDB,{'b2677': 1},"{'b2677': {'A-0': [False, 0.4043887147335423]}}","['4u00-assembly1.cif_&_MATCH_0', '6yir-assembly1.cif_&_MATCH_0', '2yyz-assembly1.cif_&_MATCH_0', '1oxs-assembly1.cif_&_MATCH_0', '1oxx-assembly1.cif_&_MATCH_0', '4fwi-assembly1.cif_&_NOBFS_0', '6z4w-assembly1.cif_&_MATCH_0', '5lja-assembly1.cif_&_MATCH_0', '1mt0-assembly1.cif_&_MATCH_0', '2ff7-assembly1.cif_&_MATCH_0', '2pmk-assembly1.cif_&_MATCH_0', '7w01-assembly1.cif_&_NOBFS_0', '2ffb-assembly1.cif_&_NOBFS_0', '3b5j-assembly1.cif_&_NOBFS_0', '7w02-assembly1.cif_&_NOBFS_0', '2ffa-assembly1.cif_&_NOBFS_0', '4f4c-assembly1.cif_&_MATCH_0', '7zk4-assembly1.cif_&_MATCH_0', '7zk5-assembly1.cif_&_MATCH_0', '7zk6-assembly1.cif_&_MATCH_0', '7zk7-assembly1.cif_&_MATCH_0', '7zk8-assembly1.cif_&_MATCH_0', '7zk9-assembly1.cif_&_MATCH_0', '7zka-assembly1.cif_&_MATCH_0', '7zkb-assembly1.cif_&_MATCH_0', '6lr0-assembly1.cif_&_NOBFS_0', '6qex-assembly1.cif_&_MATCH_0', '7a65-assembly1.cif_&_MATCH_0', '7a69-assembly1.cif_&_MATCH_0', '7a6c-assembly1.cif_&_MATCH_0', '7a6e-assembly1.cif_&_MATCH_0', '7a6f-assembly1.cif_&_MATCH_0', '7dv5-assembly1.cif_&_NOBFS_0', '7e1a-assembly1.cif_&_NOBFS_0', '7e7i-assembly1.cif_&_NOBFS_0', '7e7o-assembly1.cif_&_NOBFS_0', '7lkp-assembly1.cif_&_NOBFS_0', '7m1p-assembly1.cif_&_NOBFS_0', '7m1q-assembly1.cif_&_NOBFS_0', '7o9w-assembly1.cif_&_MATCH_0', '4ksb-assembly1.cif_&_MATCH_0', '4ksc-assembly1.cif_&_MATCH_0', '4ksd-assembly1.cif_&_MATCH_0', '4q9h-assembly1.cif_&_MATCH_0', '4q9i-assembly1.cif_&_MATCH_0', '4q9j-assembly1.cif_&_MATCH_0', '4q9k-assembly1.cif_&_MATCH_0', '4q9l-assembly1.cif_&_MATCH_0', '4xwk-assembly1.cif_&_MATCH_0', '5kpj-assembly1.cif_&_MATCH_0', '6c0v-assembly1.cif_&_MATCH_0', '6gdi-assembly1.cif_&_MATCH_0', '6q81-assembly1.cif_&_MATCH_0', '6ujn-assembly1.cif_&_MATCH_0', '6ujp-assembly1.cif_&_MATCH_0', '6ujr-assembly1.cif_&_MATCH_0', '6ujs-assembly1.cif_&_MATCH_0', '6ujt-assembly1.cif_&_MATCH_0', '6ujw-assembly1.cif_&_MATCH_0', '7e7q-assembly1.cif_&_NOBFS_0', '7lkz-assembly1.cif_&_NOBFS_0', '7otg-assembly1.cif_&_MATCH_0', '7oti-assembly1.cif_&_MATCH_0', '7y49-assembly1.cif_&_NOBFS_0', '6b8b-assembly1.cif_&_NOBFS_0', '6mgf-assembly1.cif_&_NOBFS_0', '6fn1-assembly1.cif_&_MATCH_0', '6fn4-assembly1.cif_&_MATCH_0']",400.0,25.9,0.0,1.0,1.0,4u00,"{'b2677': {'A-0': [False, 25.9]}}"
1l2t-assembly2.cif_&_MATCH_1,PDB,{'b0879': 4},"{'b0879': {'A-0': [False, 0.12531120331950207], 'B-0': [False, 0.12531120331950207], 'A-1': [False, 0.12531120331950207], 'B-1': [False, 0.12531120331950207]}}","['1g29-assembly2.cif_&_MATCH_1', '2olk-assembly1.cif_&_MATCH_1', '1l2t-assembly2.cif_&_MATCH_1', '3tif-assembly2.cif_&_MATCH_1', '5xu1-assembly1.cif_&_MATCH_1']",2592.0,11.600000000000001,0.0,1.0,1.0,1l2t,"{'b0879': {'A-0': [False, 16.6], 'B-0': [False, 6.6], 'A-1': [False, 16.6], 'B-1': [False, 6.6]}}"
5xu1-assembly1.cif_&_MATCH_0,PDB,"{'b2677': 2, 'b0879': 2}","{'b2677': {'A-0': [False, 0.28213166144200624], 'B-0': [False, 0.28213166144200624]}, 'b0879': {'S-0': [False, 0.08464730290456432], 'M-0': [False, 0.08464730290456432]}}",['5xu1-assembly1.cif_&_MATCH_0'],2096.0,19.64541984732824,0.0,1.0,1.0,5xu1,"{'b2677': {'A-0': [False, 19.5], 'B-0': [False, 20.1]}, 'b0879': {'S-0': [False, 19.4], 'M-0': [False, 19.7]}}"
7nnu-assembly1.cif_&_MATCH_1,PDB,"{'b0879': 1, 'b2677': 1}","{'b0879': {'B-0': [False, 0.03734439834024896]}, 'b2677': {'A-0': [False, 0.27899686520376177]}}","['7nnt-assembly1.cif_&_MATCH_1', '7nnu-assembly1.cif_&_MATCH_1']",1048.0,16.1587786259542,0.0,1.0,1.0,7nnu,"{'b0879': {'B-0': [False, 12.8]}, 'b2677': {'A-0': [False, 21.6]}}"
5gko-assembly1.cif_&_MATCH_1,PDB,{'b0879': 2},"{'b0879': {'A-0': [True, 0.5153526970954356], 'B-0': [True, 0.5153526970954356]}}","['2d62-assembly1.cif_&_MATCH_1', '1g29-assembly1.cif_&_MATCH_1', '1g29-assembly3.cif_&_MATCH_1', '2it1-assembly1.cif_&_MATCH_1', '2olj-assembly1.cif_&_MATCH_1', '2q0h-assembly1.cif_&_MATCH_1', '3c41-assembly1.cif_&_MATCH_1', '3c4j-assembly1.cif_&_MATCH_1', '7cad-assembly1.cif_&_MATCH_1', '4yms-assembly1.cif_&_MATCH_1', '4ymt-assembly1.cif_&_MATCH_1', '4ymu-assembly1.cif_&_MATCH_1', '4ymv-assembly1.cif_&_MATCH_1', '4ymw-assembly1.cif_&_MATCH_1', '7cae-assembly1.cif_&_MATCH_1', '7caf-assembly1.cif_&_MATCH_1', '7cag-assembly1.cif_&_MATCH_1', '1z47-assembly1.cif_&_MATCH_1', '3d31-assembly1.cif_&_MATCH_1', '7mbz-assembly1.cif_&_MATCH_1', '7mc0-assembly1.cif_&_MATCH_1', '1f3o-assembly1.cif_&_MATCH_1', '1l2t-assembly1.cif_&_MATCH_1', '3fvq-assembly1.cif_&_MATCH_1', '1b0u-assembly1.cif_&_MATCH_1', '3tif-assembly1.cif_&_MATCH_1', '4tqu-assembly1.cif_&_MATCH_1', '4xig-assembly1.cif_&_MATCH_1', '4xtc-assembly1.cif_&_MATCH_1', '1q1e-assembly1.cif_&_MATCH_1', '3puv-assembly1.cif_&_MATCH_1', '3puw-assembly1.cif_&_MATCH_1', '3pux-assembly1.cif_&_MATCH_1', '3puy-assembly1.cif_&_MATCH_1', '3puz-assembly1.cif_&_MATCH_1', '3pv0-assembly1.cif_&_MATCH_1', '3rlf-assembly1.cif_&_MATCH_1', '4khz-assembly1.cif_&_MATCH_1', '4ki0-assembly1.cif_&_MATCH_1', '2r6g-assembly1.cif_&_MATCH_1', '4huq-assembly1.cif_&_MATCH_1', '4hzu-assembly1.cif_&_MATCH_1', '4rfs-assembly1.cif_&_MATCH_1', '7arh-assembly1.cif_&_MATCH_1', '7ari-assembly1.cif_&_MATCH_1', '7arj-assembly1.cif_&_MATCH_1', '7ark-assembly1.cif_&_MATCH_1', '7arl-assembly1.cif_&_MATCH_1', '7arm-assembly1.cif_&_MATCH_1', '7mdx-assembly1.cif_&_MATCH_1', '7mdy-assembly1.cif_&_MATCH_1', '7v8l-assembly1.cif_&_MATCH_1', '7v8m-assembly1.cif_&_MATCH_1', '7v8i-assembly1.cif_&_MATCH_1', '5lil-assembly1.cif_&_MATCH_1', '5lj6-assembly1.cif_&_MATCH_1', '5lj7-assembly1.cif_&_MATCH_1', '5gko-assembly1.cif_&_MATCH_1', '5ws4-assembly1.cif_&_MATCH_1', '7tcg-assembly1.cif_&_MATCH_1', '7tch-assembly1.cif_&_MATCH_1', '2pcj-assembly1.cif_&_MATCH_1', '2pcl-assembly1.cif_&_MATCH_1', '4lsg-assembly3.cif_&_MATCH_1', '7w78-assembly1.cif_&_NOBFS_0', '7w79-assembly1.cif_&_NOBFS_0', '7w7c-assembly1.cif_&_NOBFS_0', '6tej-assembly1.cif_&_NOBFS_0', '3b5x-assembly1.cif_&_NOBFS_0', '7wiu-assembly1.cif_&_NOBFS_0', '7wiv-assembly1.cif_&_NOBFS_0', '7wix-assembly1.cif_&_NOBFS_0', '7wiw-assembly1.cif_&_NOBFS_0', '5x40-assembly1.cif_&_NOBFS_0', '7r8c-assembly1.cif_&_NOBFS_0', '6bl6-assembly1.cif_&_NOBFS_0', '6bl6-assembly2.cif_&_NOBFS_0', '6o30-assembly1.cif_&_NOBFS_0', '6o30-assembly2.cif_&_NOBFS_0', '6r81-assembly1.cif_&_NOBFS_0', '7bg4-assembly1.cif_&_NOBFS_0', '7fdv-assembly1.cif_&_NOBFS_0', '7ow8-assembly1.cif_&_NOBFS_0', '7oz1-assembly1.cif_&_NOBFS_0', '7r8d-assembly1.cif_&_NOBFS_0', '7r8e-assembly1.cif_&_NOBFS_0', '2ihy-assembly1.cif_&_NOBFS_0', '5ttp-assembly1.cif_&_NOBFS_0', '5tv4-assembly1.cif_&_NOBFS_0', '6bpl-assembly1.cif_&_NOBFS_0', '6bpp-assembly1.cif_&_NOBFS_0', '6uz2-assembly1.cif_&_NOBFS_0', '6uzl-assembly1.cif_&_NOBFS_0', '7bcw-assembly1.cif_&_NOBFS_0', '7d7n-assembly1.cif_&_NOBFS_0', '7d7r-assembly1.cif_&_NOBFS_0', '7dny-assembly1.cif_&_NOBFS_0', '7dnz-assembly1.cif_&_NOBFS_0', '7ekm-assembly1.cif_&_NOBFS_0', '7mew-assembly1.cif_&_NOBFS_0', '7ph2-assembly1.cif_&_NOBFS_0', '7ph3-assembly1.cif_&_NOBFS_0', '7ph4-assembly1.cif_&_NOBFS_0', '7ph7-assembly1.cif_&_NOBFS_0', '7sel-assembly1.cif_&_NOBFS_0', '8dmm-assembly1.cif_&_NOBFS_0', '8dmo-assembly1.cif_&_NOBFS_0', '8fwk-assembly1.cif_&_NOBFS_0']",1296.0,51.5,1.0,1.0,1.0,5gko,"{'b0879': {'A-0': [True, 51.5], 'B-0': [True, 51.5]}}"
5lja-assembly1.cif_&_MATCH_1,PDB,{'b0879': 1},"{'b0879': {'A-0': [False, 0.3211618257261411]}}","['4u00-assembly1.cif_&_MATCH_1', '6yir-assembly1.cif_&_MATCH_1', '2yyz-assembly1.cif_&_MATCH_1', '1oxs-assembly1.cif_&_MATCH_1', '1oxx-assembly1.cif_&_MATCH_1', '6z4w-assembly1.cif_&_MATCH_1', '5lja-assembly1.cif_&_MATCH_1', '1mt0-assembly1.cif_&_MATCH_1', '2ff7-assembly1.cif_&_MATCH_1', '2pmk-assembly1.cif_&_MATCH_1', '4f4c-assembly1.cif_&_MATCH_1', '7zk4-assembly1.cif_&_MATCH_1', '7zk5-assembly1.cif_&_MATCH_1', '7zk6-assembly1.cif_&_MATCH_1', '7zk7-assembly1.cif_&_MATCH_1', '7zk8-assembly1.cif_&_MATCH_1', '7zk9-assembly1.cif_&_MATCH_1', '7zka-assembly1.cif_&_MATCH_1', '7zkb-assembly1.cif_&_MATCH_1', '6qex-assembly1.cif_&_MATCH_1', '7a65-assembly1.cif_&_MATCH_1', '7a69-assembly1.cif_&_MATCH_1', '7a6c-assembly1.cif_&_MATCH_1', '7a6e-assembly1.cif_&_MATCH_1', '7a6f-assembly1.cif_&_MATCH_1', '7o9w-assembly1.cif_&_MATCH_1', '4ksb-assembly1.cif_&_MATCH_1', '4ksc-assembly1.cif_&_MATCH_1', '4ksd-assembly1.cif_&_MATCH_1', '4q9h-assembly1.cif_&_MATCH_1', '4q9i-assembly1.cif_&_MATCH_1', '4q9j-assembly1.cif_&_MATCH_1', '4q9k-assembly1.cif_&_MATCH_1', '4q9l-assembly1.cif_&_MATCH_1', '4xwk-assembly1.cif_&_MATCH_1', '5kpj-assembly1.cif_&_MATCH_1', '6c0v-assembly1.cif_&_MATCH_1', '6gdi-assembly1.cif_&_MATCH_1', '6q81-assembly1.cif_&_MATCH_1', '6ujn-assembly1.cif_&_MATCH_1', '6ujp-assembly1.cif_&_MATCH_1', '6ujr-assembly1.cif_&_MATCH_1', '6ujs-assembly1.cif_&_MATCH_1', '6ujt-assembly1.cif_&_MATCH_1', '6ujw-assembly1.cif_&_MATCH_1', '7otg-assembly1.cif_&_MATCH_1', '7oti-assembly1.cif_&_MATCH_1', '6fn1-assembly1.cif_&_MATCH_1', '6fn4-assembly1.cif_&_MATCH_1', '3ftj-assembly1.cif_&_NOBFS_0', '7niu-assembly1.cif_&_NOBFS_0', '7niv-assembly1.cif_&_NOBFS_0', '6s7p-assembly1.cif_&_NOBFS_0', '7niw-assembly1.cif_&_NOBFS_0', '6qee-assembly1.cif_&_NOBFS_0', '7zd5-assembly1.cif_&_NOBFS_0', '7zda-assembly1.cif_&_NOBFS_0', '7zdb-assembly1.cif_&_NOBFS_0', '7zdc-assembly1.cif_&_NOBFS_0', '7zde-assembly1.cif_&_NOBFS_0', '7zdf-assembly1.cif_&_NOBFS_0', '7zdg-assembly1.cif_&_NOBFS_0', '7zdk-assembly1.cif_&_NOBFS_0', '7zdl-assembly1.cif_&_NOBFS_0', '7zdr-assembly1.cif_&_NOBFS_0', '7zec-assembly1.cif_&_NOBFS_0', '7zds-assembly1.cif_&_NOBFS_0', '7zdt-assembly1.cif_&_NOBFS_0', '7zdu-assembly1.cif_&_NOBFS_0', '7zdv-assembly1.cif_&_NOBFS_0', '7zdw-assembly1.cif_&_NOBFS_0', '7ze5-assembly1.cif_&_NOBFS_0', '3nh6-assembly1.cif_&_NOBFS_0', '3nh9-assembly1.cif_&_NOBFS_0', '3nha-assembly1.cif_&_NOBFS_0', '3nhb-assembly1.cif_&_NOBFS_0', '5dgx-assembly1.cif_&_NOBFS_0', '7ocy-assembly1.cif_&_NOBFS_0']",648.0,33.9,0.0,1.0,1.0,5lja,"{'b0879': {'A-0': [False, 33.9]}}"
5nik-assembly1.cif_&_MATCH_0,PDB,"{'b2677': 2, 'b0878': 6, 'b3035': 3}","{'b2677': {'J-0': [False, 0.23510971786833856], 'K-0': [False, 0.23510971786833856]}, 'b0878': {'D-0': [True, 1.0], 'E-0': [True, 1.0], 'F-0': [True, 1.0], 'G-0': [True, 1.0], 'H-0': [True, 1.0], 'I-0': [True, 1.0]}, 'b3035': {'B-0': [True, 0.9570621468926553], 'C-0': [True, 0.9570621468926553], 'A-0': [True, 0.9570621468926553]}}","['5nik-assembly1.cif_&_MATCH_0', '5nil-assembly1.cif_&_MATCH_0']",4505.0,72.84914539400665,0.8224195338512763,1.0,1.0,5nik,"{'b2677': {'J-0': [False, 16.4], 'K-0': [False, 16.4]}, 'b0878': {'D-0': [True, 84.0], 'E-0': [True, 84.0], 'F-0': [True, 84.0], 'G-0': [True, 84.0], 'H-0': [True, 84.0], 'I-0': [True, 84.0]}, 'b3035': {'B-0': [True, 86.6], 'C-0': [True, 86.6], 'A-0': [True, 86.6]}}"
5nik-assembly1.cif_&_MATCH_1,PDB,"{'b2677': 2, 'b0463': 6, 'b3035': 3}","{'b2677': {'J-0': [False, 0.23510971786833856], 'K-0': [False, 0.23510971786833856]}, 'b0463': {'D-0': [False, 0.02535211267605634], 'E-0': [False, 0.02535211267605634], 'F-0': [False, 0.02535211267605634], 'G-0': [False, 0.02535211267605634], 'H-0': [False, 0.02535211267605634], 'I-0': [False, 0.02535211267605634]}, 'b3035': {'B-0': [True, 0.9570621468926553], 'C-0': [True, 0.9570621468926553], 'A-0': [True, 0.9570621468926553]}}","['5nik-assembly1.cif_&_MATCH_1', '5nil-assembly1.cif_&_MATCH_1']",4661.0,40.25968676249731,0.317313881141386,1.0,1.0,5nik,"{'b2677': {'J-0': [False, 16.4], 'K-0': [False, 16.4]}, 'b0463': {'D-0': [False, 19.5], 'E-0': [False, 19.5], 'F-0': [False, 19.5], 'G-0': [False, 19.5], 'H-0': [False, 19.5], 'I-0': [False, 19.5]}, 'b3035': {'B-0': [True, 86.6], 'C-0': [True, 86.6], 'A-0': [True, 86.6]}}"
5nik-assembly1.cif_&_MATCH_2,PDB,"{'b0879': 2, 'b0878': 6, 'b3035': 3}","{'b0879': {'J-0': [True, 1.0], 'K-0': [True, 1.0]}, 'b0878': {'D-0': [True, 1.0], 'E-0': [True, 1.0], 'F-0': [True, 1.0], 'G-0': [True, 1.0], 'H-0': [True, 1.0], 'I-0': [True, 1.0]}, 'b3035': {'B-0': [True, 0.9570621468926553], 'C-0': [True, 0.9570621468926553], 'A-0': [True, 0.9570621468926553]}}","['5nik-assembly1.cif_&_MATCH_2', '5nil-assembly1.cif_&_MATCH_2']",5001.0,88.16376724655068,1.0,1.0,1.0,5nik,"{'b0879': {'J-0': [True, 97.1], 'K-0': [True, 97.1]}, 'b0878': {'D-0': [True, 84.0], 'E-0': [True, 84.0], 'F-0': [True, 84.0], 'G-0': [True, 84.0], 'H-0': [True, 84.0], 'I-0': [True, 84.0]}, 'b3035': {'B-0': [True, 86.6], 'C-0': [True, 86.6], 'A-0': [True, 86.6]}}"
5nik-assembly1.cif_&_MATCH_3,PDB,"{'b0879': 2, 'b0463': 6, 'b3035': 3}","{'b0879': {'J-0': [True, 1.0], 'K-0': [True, 1.0]}, 'b0463': {'D-0': [False, 0.02535211267605634], 'E-0': [False, 0.02535211267605634], 'F-0': [False, 0.02535211267605634], 'G-0': [False, 0.02535211267605634], 'H-0': [False, 0.02535211267605634], 'I-0': [False, 0.02535211267605634]}, 'b3035': {'B-0': [True, 0.9570621468926553], 'C-0': [True, 0.9570621468926553], 'A-0': [True, 0.9570621468926553]}}","['5nik-assembly1.cif_&_MATCH_3', '5nil-assembly1.cif_&_MATCH_3']",5157.0,58.24549156486328,0.5381035485747527,1.0,1.0,5nik,"{'b0879': {'J-0': [True, 97.1], 'K-0': [True, 97.1]}, 'b0463': {'D-0': [False, 19.5], 'E-0': [False, 19.5], 'F-0': [False, 19.5], 'G-0': [False, 19.5], 'H-0': [False, 19.5], 'I-0': [False, 19.5]}, 'b3035': {'B-0': [True, 86.6], 'C-0': [True, 86.6], 'A-0': [True, 86.6]}}"
2pcl-assembly2.cif_&_MATCH_0,PDB,{'b2677': 6},"{'b2677': {'A-0': [False, 0.22570532915360503], 'A-1': [False, 0.22570532915360503], 'A-2': [False, 0.22570532915360503], 'A-3': [False, 0.22570532915360503], 'A-4': [False, 0.22570532915360503], 'A-5': [False, 0.22570532915360503]}}","['2pcl-assembly2.cif_&_MATCH_0', '7sgr-assembly1.cif_&_MATCH_0', '8dck-assembly1.cif_&_NOBFS_0']",2400.0,19.599999999999998,0.0,1.0,1.0,2pcl,"{'b2677': {'A-0': [False, 19.6], 'A-1': [False, 19.6], 'A-2': [False, 19.6], 'A-3': [False, 19.6], 'A-4': [False, 19.6], 'A-5': [False, 19.6]}}"
2pcl-assembly2.cif_&_MATCH_1,PDB,{'b0879': 6},"{'b0879': {'A-0': [False, 0.0995850622406639], 'A-1': [False, 0.0995850622406639], 'A-2': [False, 0.0995850622406639], 'A-3': [False, 0.0995850622406639], 'A-4': [False, 0.0995850622406639], 'A-5': [False, 0.0995850622406639]}}","['2pcl-assembly2.cif_&_MATCH_1', '7sgr-assembly1.cif_&_MATCH_1']",3888.0,14.4,0.0,1.0,1.0,2pcl,"{'b0879': {'A-0': [False, 14.4], 'A-1': [False, 14.4], 'A-2': [False, 14.4], 'A-3': [False, 14.4], 'A-4': [False, 14.4], 'A-5': [False, 14.4]}}"
1yoe-assembly1.cif_&_NOBFS_0,PDB,{'b0651': 4},"{'b0651': {'A-1': [True, 1.0], 'A-2': [True, 1.0], 'A-0': [True, 1.0], 'A-3': [True, 1.0]}}","['1yoe-assembly1.cif_&_NOBFS_0', '1yoe-assembly4.cif_&_NOBFS_0', '3g5i-assembly1.cif_&_NOBFS_0', '4wr2-assembly1.cif_&_NOBFS_0', '6ba0-assembly1.cif_&_NOBFS_0', '1q8f-assembly1.cif_&_NOBFS_0', '3b9x-assembly1.cif_&_NOBFS_0', '3mkm-assembly1.cif_&_NOBFS_0', '3mkn-assembly1.cif_&_NOBFS_0', '5tsq-assembly1.cif_&_NOBFS_0', '1ezr-assembly1.cif_&_NOBFS_0', '1mas-assembly1.cif_&_NOBFS_0', '2mas-assembly1.cif_&_NOBFS_0', '3t8j-assembly1.cif_&_NOBFS_0', '3t8i-assembly1.cif_&_NOBFS_0', '3fz0-assembly1.cif_&_NOBFS_0', '8db6-assembly1.cif_&_NOBFS_0', '8db7-assembly1.cif_&_NOBFS_0', '8db8-assembly1.cif_&_NOBFS_0', '8db9-assembly1.cif_&_NOBFS_0', '5mj7-assembly1.cif_&_NOBFS_0']",1244.0,96.2,1.0,1.0,1.0,1yoe,"{'b0651': {'A-1': [True, 96.2], 'A-2': [True, 96.2], 'A-0': [True, 96.2], 'A-3': [True, 96.2]}}"
1yoe-assembly2.cif_&_NOBFS_0,PDB,{'b0651': 2},"{'b0651': {'A-1': [True, 1.0], 'A-0': [True, 1.0]}}","['1yoe-assembly2.cif_&_NOBFS_0', '1yoe-assembly3.cif_&_NOBFS_0', '4kpo-assembly1.cif_&_NOBFS_0', '6zk5-assembly1.cif_&_NOBFS_0', '3b9g-assembly1.cif_&_NOBFS_0', '1hoz-assembly1.cif_&_NOBFS_0', '1hp0-assembly1.cif_&_NOBFS_0', '1r4f-assembly1.cif_&_NOBFS_0', '2ff1-assembly1.cif_&_NOBFS_0', '2ff2-assembly1.cif_&_NOBFS_0', '3epw-assembly1.cif_&_NOBFS_0', '3epx-assembly1.cif_&_NOBFS_0', '4i70-assembly1.cif_&_NOBFS_0', '4i71-assembly1.cif_&_NOBFS_0', '4i72-assembly1.cif_&_NOBFS_0', '4i74-assembly1.cif_&_NOBFS_0', '4i75-assembly1.cif_&_NOBFS_0', '1kic-assembly1.cif_&_NOBFS_0', '1kie-assembly1.cif_&_NOBFS_0', '2c40-assembly1.cif_&_NOBFS_0']",622.0,96.2,1.0,1.0,1.0,1yoe,"{'b0651': {'A-1': [True, 96.2], 'A-0': [True, 96.2]}}"
5bn7-assembly1.cif_&_NOBFS_0,PDB,{'b0403': 1},"{'b0403': {'A-0': [True, 1.0]}}","['5bn7-assembly1.cif_&_NOBFS_0', '1uh3-assembly1.cif_&_NOBFS_0', '1izk-assembly1.cif_&_NOBFS_0', '1izj-assembly1.cif_&_NOBFS_0', '2d0f-assembly1.cif_&_NOBFS_0', '1uh2-assembly1.cif_&_NOBFS_0', '1uh4-assembly1.cif_&_NOBFS_0', '2d0g-assembly1.cif_&_NOBFS_0', '2d0h-assembly1.cif_&_NOBFS_0', '5z0u-assembly1.cif_&_NOBFS_0', '5ot1-assembly1.cif_&_NOBFS_0', '6a0j-assembly1.cif_&_NOBFS_0', '4e2o-assembly1.cif_&_NOBFS_0', '5a2a-assembly1.cif_&_NOBFS_0', '5a2b-assembly1.cif_&_NOBFS_0', '5a2c-assembly1.cif_&_NOBFS_0', '1wza-assembly1.cif_&_NOBFS_0', '6wnu-assembly1.cif_&_NOBFS_0', '7lv6-assembly1.cif_&_NOBFS_0', '4mb1-assembly1.cif_&_NOBFS_0', '4m8u-assembly1.cif_&_NOBFS_0', '4maz-assembly1.cif_&_NOBFS_0', '5x7u-assembly1.cif_&_NOBFS_0', '1qho-assembly1.cif_&_NOBFS_0', '1qhp-assembly1.cif_&_NOBFS_0', '2zic-assembly1.cif_&_NOBFS_0', '2zid-assembly1.cif_&_NOBFS_0', '4wlc-assembly1.cif_&_NOBFS_0', '4xb3-assembly1.cif_&_NOBFS_0', '4jcm-assembly1.cif_&_NOBFS_0', '4how-assembly1.cif_&_NOBFS_0', '4hox-assembly1.cif_&_NOBFS_0', '4hp5-assembly1.cif_&_NOBFS_0', '4hph-assembly1.cif_&_NOBFS_0', '4aie-assembly1.cif_&_NOBFS_0', '1m53-assembly1.cif_&_NOBFS_0', '4gin-assembly1.cif_&_NOBFS_0', '4h2c-assembly1.cif_&_NOBFS_0', '4hoz-assembly1.cif_&_NOBFS_0', '5zcb-assembly1.cif_&_NOBFS_0', '1cyg-assembly1.cif_&_NOBFS_0', '5zcc-assembly1.cif_&_NOBFS_0', '5zcd-assembly1.cif_&_NOBFS_0', '5zce-assembly1.cif_&_NOBFS_0', '8ibk-assembly1.cif_&_NOBFS_0', '8ids-assembly1.cif_&_NOBFS_0', '7jjt-assembly1.cif_&_NOBFS_0', '4cgt-assembly1.cif_&_NOBFS_0', '1uok-assembly1.cif_&_NOBFS_0', '3a47-assembly1.cif_&_NOBFS_0', '3a4a-assembly1.cif_&_NOBFS_0', '3aj7-assembly1.cif_&_NOBFS_0', '3axh-assembly1.cif_&_NOBFS_0', '3axi-assembly1.cif_&_NOBFS_0', '1cgt-assembly1.cif_&_NOBFS_0', '1pez-assembly1.cif_&_NOBFS_0', '3cgt-assembly1.cif_&_NOBFS_0', '6cgt-assembly1.cif_&_NOBFS_0', '8cgt-assembly1.cif_&_NOBFS_0', '9cgt-assembly1.cif_&_NOBFS_0', '1cgu-assembly1.cif_&_NOBFS_0', '1kck-assembly1.cif_&_NOBFS_0', '1pj9-assembly1.cif_&_NOBFS_0', '5cgt-assembly1.cif_&_NOBFS_0', '7cgt-assembly1.cif_&_NOBFS_0', '1a47-assembly1.cif_&_NOBFS_0', '1cgx-assembly1.cif_&_NOBFS_0', '1ciu-assembly1.cif_&_NOBFS_0', '1cxl-assembly1.cif_&_NOBFS_0', '1kcl-assembly1.cif_&_NOBFS_0', '2guy-assembly1.cif_&_NOBFS_0', '3bmv-assembly1.cif_&_NOBFS_0', '3bmw-assembly1.cif_&_NOBFS_0', '3gbd-assembly1.cif_&_NOBFS_0', '3gbe-assembly1.cif_&_NOBFS_0', '3kwx-assembly1.cif_&_NOBFS_0', '3vx0-assembly1.cif_&_NOBFS_0', '3vx1-assembly1.cif_&_NOBFS_0', '6taa-assembly1.cif_&_NOBFS_0', '6xsv-assembly1.cif_&_NOBFS_0', '7p4w-assembly1.cif_&_NOBFS_0', '7taa-assembly1.cif_&_NOBFS_0', '1cdg-assembly1.cif_&_NOBFS_0', '1cgw-assembly1.cif_&_NOBFS_0', '1cxe-assembly1.cif_&_NOBFS_0', '1cxh-assembly1.cif_&_NOBFS_0', '1cxi-assembly1.cif_&_NOBFS_0', '2cxg-assembly1.cif_&_NOBFS_0', '1cgv-assembly1.cif_&_NOBFS_0', '1cgy-assembly1.cif_&_NOBFS_0', '1dtu-assembly1.cif_&_NOBFS_0', '1ot2-assembly1.cif_&_NOBFS_0', '2dij-assembly1.cif_&_NOBFS_0', '1cxf-assembly1.cif_&_NOBFS_0', '1cxk-assembly1.cif_&_NOBFS_0', '1d3c-assembly1.cif_&_NOBFS_0', '1eo5-assembly1.cif_&_NOBFS_0', '1eo7-assembly1.cif_&_NOBFS_0', '1ot1-assembly1.cif_&_NOBFS_0', '1jgi-assembly1.cif_&_NOBFS_0', '1mvy-assembly1.cif_&_NOBFS_0', '1mw0-assembly1.cif_&_NOBFS_0', '1s46-assembly1.cif_&_NOBFS_0', '1zs2-assembly1.cif_&_NOBFS_0', '7nf6-assembly1.cif_&_NOBFS_0', '1g5a-assembly1.cif_&_NOBFS_0', '1jg9-assembly1.cif_&_NOBFS_0', '1mw1-assembly1.cif_&_NOBFS_0', '1mw2-assembly1.cif_&_NOBFS_0', '1mw3-assembly1.cif_&_NOBFS_0', '3ueq-assembly1.cif_&_NOBFS_0', '4flo-assembly1.cif_&_NOBFS_0', '4flq-assembly1.cif_&_NOBFS_0', '4flr-assembly1.cif_&_NOBFS_0', '4fls-assembly1.cif_&_NOBFS_0', '5n6v-assembly1.cif_&_NOBFS_0', '5n7j-assembly1.cif_&_NOBFS_0', '6sao-assembly1.cif_&_NOBFS_0', '3wms-assembly1.cif_&_NOBFS_0', '4jcl-assembly1.cif_&_NOBFS_0', '6aij-assembly1.cif_&_NOBFS_0']",604.0,61.7,1.0,1.0,1.0,5bn7,"{'b0403': {'A-0': [True, 61.7]}}"
7vt9-assembly1.cif_&_NOBFS_0,PDB,{'b0403': 2},"{'b0403': {'B-0': [True, 1.0], 'A-0': [True, 1.0]}}","['7vt9-assembly1.cif_&_NOBFS_0', '1ea9-assembly1.cif_&_NOBFS_0', '1ea9-assembly2.cif_&_NOBFS_0', '2wc7-assembly1.cif_&_NOBFS_0', '2wcs-assembly1.cif_&_NOBFS_0', '2wkg-assembly1.cif_&_NOBFS_0', '1jf6-assembly1.cif_&_NOBFS_0', '1ji2-assembly1.cif_&_NOBFS_0', '1sma-assembly1.cif_&_NOBFS_0', '1wzm-assembly1.cif_&_NOBFS_0', '1jf5-assembly1.cif_&_NOBFS_0', '1wzk-assembly1.cif_&_NOBFS_0', '2d2o-assembly1.cif_&_NOBFS_0', '1g1y-assembly1.cif_&_NOBFS_0', '1wzl-assembly1.cif_&_NOBFS_0', '1gvi-assembly1.cif_&_NOBFS_0', '1j0h-assembly1.cif_&_NOBFS_0', '1j0i-assembly1.cif_&_NOBFS_0', '1j0j-assembly1.cif_&_NOBFS_0', '1j0k-assembly1.cif_&_NOBFS_0', '7d9b-assembly1.cif_&_NOBFS_0', '7d9c-assembly1.cif_&_NOBFS_0', '7dcg-assembly1.cif_&_NOBFS_0', '7dch-assembly1.cif_&_NOBFS_0', '7ehh-assembly1.cif_&_NOBFS_0', '7ehi-assembly1.cif_&_NOBFS_0', '5zxg-assembly1.cif_&_NOBFS_0', '6a0k-assembly1.cif_&_NOBFS_0', '6a0l-assembly1.cif_&_NOBFS_0', '5m99-assembly1.cif_&_NOBFS_0', '3zoa-assembly1.cif_&_NOBFS_0', '3ede-assembly1.cif_&_NOBFS_0', '3edd-assembly1.cif_&_NOBFS_0', '3edd-assembly2.cif_&_NOBFS_0', '3edf-assembly1.cif_&_NOBFS_0', '3edj-assembly1.cif_&_NOBFS_0', '3edk-assembly1.cif_&_NOBFS_0', '1lwh-assembly1.cif_&_NOBFS_0', '1lwj-assembly1.cif_&_NOBFS_0', '2ze0-assembly1.cif_&_NOBFS_0', '1d7f-assembly1.cif_&_NOBFS_0', '1ded-assembly1.cif_&_NOBFS_0', '1i75-assembly1.cif_&_NOBFS_0', '6li9-assembly1.cif_&_NOBFS_0', '6lid-assembly1.cif_&_NOBFS_0', '6yup-assembly1.cif_&_NOBFS_0', '6yuz-assembly1.cif_&_NOBFS_0', '6yq9-assembly3.cif_&_NOBFS_0', '7nf7-assembly1.cif_&_NOBFS_0', '7nf8-assembly1.cif_&_NOBFS_0', '6sav-assembly1.cif_&_NOBFS_0', '6sav-assembly2.cif_&_NOBFS_0']",1208.0,100.0,1.0,1.0,1.0,7vt9,"{'b0403': {'B-0': [True, 100.0], 'A-0': [True, 100.0]}}"
3zo9-assembly1.cif_&_NOBFS_0,PDB,{'b0403': 4},"{'b0403': {'B-0': [False, 0.04549082202713488], 'A-1': [False, 0.04549082202713488], 'A-0': [False, 0.04549082202713488], 'B-1': [False, 0.04549082202713488]}}","['3zo9-assembly1.cif_&_NOBFS_0', '4lxf-assembly1.cif_&_NOBFS_0', '6k5p-assembly3.cif_&_NOBFS_0']",2416.0,18.0,0.0,1.0,1.0,3zo9,"{'b0403': {'B-0': [False, 18.2], 'A-1': [False, 17.8], 'A-0': [False, 17.8], 'B-1': [False, 18.2]}}"
5do8-assembly1.cif_&_NOBFS_0,PDB,{'b0403': 3},"{'b0403': {'B-0': [False, 0.04549082202713488], 'C-0': [False, 0.04549082202713488], 'A-0': [False, 0.04549082202713488]}}",['5do8-assembly1.cif_&_NOBFS_0'],1812.0,16.366666666666667,0.0,1.0,1.0,5do8,"{'b0403': {'B-0': [False, 16.3], 'C-0': [False, 16.4], 'A-0': [False, 16.4]}}"
1r9l-assembly1.cif_&_NOBFS_0,PDB,{'b2679': 1},"{'b2679': {'A-0': [True, 1.0]}}","['1r9l-assembly1.cif_&_NOBFS_0', '1r9q-assembly1.cif_&_NOBFS_0', '3l6g-assembly1.cif_&_NOBFS_0', '3l6h-assembly1.cif_&_NOBFS_0']",330.0,93.6,1.0,1.0,1.0,1r9l,"{'b2679': {'A-0': [True, 93.6]}}"
3eh0-assembly1.cif_&_NOBFS_0,PDB,{'b0179': 3},"{'b0179': {'B-0': [True, 1.0], 'C-0': [True, 1.0], 'A-0': [True, 1.0]}}","['3eh0-assembly1.cif_&_NOBFS_0', '6p83-assembly1.cif_&_NOBFS_0', '6p84-assembly1.cif_&_NOBFS_0', '6p85-assembly1.cif_&_NOBFS_0', '6p86-assembly1.cif_&_NOBFS_0', '6p87-assembly1.cif_&_NOBFS_0', '6p88-assembly1.cif_&_NOBFS_0', '6p89-assembly1.cif_&_NOBFS_0', '6p8a-assembly1.cif_&_NOBFS_0', '6p8b-assembly1.cif_&_NOBFS_0', '3pmo-assembly1.cif_&_NOBFS_0', '6uec-assembly1.cif_&_NOBFS_0', '6ued-assembly1.cif_&_NOBFS_0', '4e79-assembly1.cif_&_NOBFS_0', '2iu8-assembly1.cif_&_NOBFS_0', '2iu9-assembly1.cif_&_NOBFS_0', '2iua-assembly1.cif_&_NOBFS_0', '6oss-assembly1.cif_&_NOBFS_0', '3r0s-assembly1.cif_&_NOBFS_0', '3t57-assembly1.cif_&_NOBFS_0', '1lxa-assembly1.cif_&_NOBFS_0', '2aq9-assembly1.cif_&_NOBFS_0', '2jf2-assembly1.cif_&_NOBFS_0', '2jf3-assembly1.cif_&_NOBFS_0', '2qia-assembly1.cif_&_NOBFS_0', '2qiv-assembly1.cif_&_NOBFS_0', '4j09-assembly1.cif_&_NOBFS_0', '6hy2-assembly1.cif_&_NOBFS_0', '6p9p-assembly1.cif_&_NOBFS_0', '6p9q-assembly1.cif_&_NOBFS_0', '6p9r-assembly1.cif_&_NOBFS_0', '6p9s-assembly1.cif_&_NOBFS_0', '6p9t-assembly1.cif_&_NOBFS_0', '7okc-assembly1.cif_&_NOBFS_0', '4e6t-assembly1.cif_&_NOBFS_0', '4e6u-assembly1.cif_&_NOBFS_0', '1j2z-assembly1.cif_&_NOBFS_0', '5vmk-assembly1.cif_&_NOBFS_0', '8cu9-assembly1.cif_&_NOBFS_0']",1023.0,99.7,1.0,1.0,1.0,3eh0,"{'b0179': {'B-0': [True, 99.7], 'C-0': [True, 99.7], 'A-0': [True, 99.7]}}"
4ihf-assembly3.cif_&_NOBFS_0,PDB,{'b0179': 6},"{'b0179': {'B-0': [True, 0.9904912836767037], 'C-0': [True, 0.9904912836767037], 'A-0': [True, 0.9904912836767037], 'D-0': [True, 0.9904912836767037], 'F-0': [True, 0.9904912836767037], 'E-0': [True, 0.9904912836767037]}}","['4ihf-assembly3.cif_&_NOBFS_0', '1j2z-assembly2.cif_&_NOBFS_0', '2oi7-assembly3.cif_&_NOBFS_0', '3twd-assembly3.cif_&_NOBFS_0']",2046.0,98.06666666666666,1.0,1.0,1.0,4ihf,"{'b0179': {'B-0': [True, 97.9], 'C-0': [True, 97.9], 'A-0': [True, 98.2], 'D-0': [True, 98.0], 'F-0': [True, 98.2], 'E-0': [True, 98.2]}}"
4r36-assembly1.cif_&_NOBFS_0,PDB,{'b0179': 2},"{'b0179': {'B-0': [False, 0.022187004754358162], 'A-0': [False, 0.022187004754358162]}}","['4r36-assembly1.cif_&_NOBFS_0', '4r36-assembly2.cif_&_NOBFS_0', '4r37-assembly1.cif_&_NOBFS_0', '4r37-assembly2.cif_&_NOBFS_0', '1hv9-assembly1.cif_&_NOBFS_0', '1hv9-assembly2.cif_&_NOBFS_0', '1hv9-assembly3.cif_&_NOBFS_0', '2oi5-assembly1.cif_&_NOBFS_0', '2oi5-assembly2.cif_&_NOBFS_0', '2oi6-assembly1.cif_&_NOBFS_0', '2oi6-assembly2.cif_&_NOBFS_0', '2oi7-assembly1.cif_&_NOBFS_0', '2oi7-assembly2.cif_&_NOBFS_0', '3twd-assembly1.cif_&_NOBFS_0', '3twd-assembly2.cif_&_NOBFS_0', '4aa7-assembly1.cif_&_NOBFS_0', '4aa7-assembly2.cif_&_NOBFS_0']",682.0,16.7,0.0,1.0,1.0,4r36,"{'b0179': {'B-0': [False, 16.7], 'A-0': [False, 16.7]}}"
3sk3-assembly1.cif_&_NOBFS_0,PDB,{'b2296': 2},"{'b2296': {'B-0': [True, 1.0], 'A-0': [True, 1.0]}}","['3sk3-assembly1.cif_&_NOBFS_0', '1g99-assembly1.cif_&_NOBFS_0', '1tuu-assembly1.cif_&_NOBFS_0', '1tuy-assembly1.cif_&_NOBFS_0', '3khy-assembly1.cif_&_NOBFS_0', '4xh4-assembly1.cif_&_NOBFS_0', '1x3m-assembly1.cif_&_NOBFS_0', '1x3n-assembly1.cif_&_NOBFS_0', '2e1y-assembly1.cif_&_NOBFS_0', '2e1z-assembly1.cif_&_NOBFS_0', '2e20-assembly1.cif_&_NOBFS_0', '4fwk-assembly1.cif_&_NOBFS_0', '4fwl-assembly1.cif_&_NOBFS_0', '4fwm-assembly1.cif_&_NOBFS_0', '4fwn-assembly1.cif_&_NOBFS_0', '4fwo-assembly1.cif_&_NOBFS_0', '4fwp-assembly1.cif_&_NOBFS_0', '4fwq-assembly1.cif_&_NOBFS_0', '4fwr-assembly1.cif_&_NOBFS_0', '4fws-assembly1.cif_&_NOBFS_0', '4xh1-assembly1.cif_&_NOBFS_0', '4xh5-assembly1.cif_&_NOBFS_0', '4ijn-assembly1.cif_&_NOBFS_0', '7fj7-assembly1.cif_&_NOBFS_0', '7fj8-assembly1.cif_&_NOBFS_0', '7fj9-assembly1.cif_&_NOBFS_0', '7fja-assembly1.cif_&_NOBFS_0', '7fjb-assembly1.cif_&_NOBFS_0', '3p4i-assembly1.cif_&_NOBFS_0', '4iz9-assembly1.cif_&_NOBFS_0', '3r9p-assembly1.cif_&_NOBFS_0', '4dq8-assembly1.cif_&_NOBFS_0', '4h0p-assembly1.cif_&_NOBFS_0', '4h0o-assembly1.cif_&_NOBFS_0']",800.0,94.5,1.0,1.0,1.0,3sk3,"{'b2296': {'B-0': [True, 95.0], 'A-0': [True, 94.0]}}"
4h0o-assembly2.cif_&_NOBFS_0,PDB,{'b2296': 8},"{'b2296': {'B-0': [False, 0.1636615811373093], 'B-1': [False, 0.1636615811373093], 'B-3': [False, 0.1636615811373093], 'A-2': [False, 0.1636615811373093], 'B-2': [False, 0.1636615811373093], 'A-0': [False, 0.1636615811373093], 'A-1': [False, 0.1636615811373093], 'A-3': [False, 0.1636615811373093]}}","['4h0o-assembly2.cif_&_NOBFS_0', '1saz-assembly1.cif_&_NOBFS_0', '1x9j-assembly1.cif_&_NOBFS_0']",3200.0,33.8,0.0,1.0,1.0,4h0o,"{'b2296': {'B-0': [False, 33.7], 'B-1': [False, 33.7], 'B-3': [False, 33.7], 'A-2': [False, 33.9], 'B-2': [False, 33.7], 'A-0': [False, 33.9], 'A-1': [False, 33.9], 'A-3': [False, 33.9]}}"
2yqu-assembly1.cif_&_NOBFS_0,PDB,{'b3962': 2},"{'b3962': {'B-0': [True, 1.0], 'A-0': [True, 1.0]}}","['2eq7-assembly1.cif_&_NOBFS_0', '2yqu-assembly1.cif_&_NOBFS_0', '3urh-assembly1.cif_&_NOBFS_0', '1ebd-assembly1.cif_&_NOBFS_0', '2qae-assembly1.cif_&_NOBFS_0', '5u25-assembly1.cif_&_NOBFS_0', '6aon-assembly1.cif_&_NOBFS_0', '1bhy-assembly1.cif_&_NOBFS_0', '1ojt-assembly1.cif_&_NOBFS_0', '4jdr-assembly1.cif_&_NOBFS_0', '5j5z-assembly1.cif_&_NOBFS_0', '6i4p-assembly1.cif_&_NOBFS_0', '6i4q-assembly1.cif_&_NOBFS_0', '6i4s-assembly1.cif_&_NOBFS_0', '6i4t-assembly1.cif_&_NOBFS_0', '6i4u-assembly1.cif_&_NOBFS_0', '3lad-assembly1.cif_&_NOBFS_0', '5tr3-assembly1.cif_&_NOBFS_0', '6awa-assembly1.cif_&_NOBFS_0', '7psc-assembly1.cif_&_NOBFS_0', '6hg8-assembly1.cif_&_NOBFS_0', '6i4r-assembly1.cif_&_NOBFS_0', '1jeh-assembly1.cif_&_NOBFS_0', '1v59-assembly1.cif_&_NOBFS_0', '1lpf-assembly1.cif_&_NOBFS_0', '3o0h-assembly1.cif_&_NOBFS_0', '2eq6-assembly1.cif_&_NOBFS_0', '8ajk-assembly1.cif_&_NOBFS_0', '1ges-assembly1.cif_&_NOBFS_0', '1geu-assembly1.cif_&_NOBFS_0', '5vdn-assembly1.cif_&_NOBFS_0', '1ger-assembly1.cif_&_NOBFS_0', '1get-assembly1.cif_&_NOBFS_0', '2nvk-assembly1.cif_&_NOBFS_0', '3dgh-assembly2.cif_&_NOBFS_0', '3dh9-assembly1.cif_&_NOBFS_0', '2r9z-assembly1.cif_&_NOBFS_0', '2rab-assembly1.cif_&_NOBFS_0', '4ywo-assembly1.cif_&_NOBFS_0', '2a8x-assembly1.cif_&_NOBFS_0', '3ii4-assembly1.cif_&_NOBFS_0', '4dna-assembly1.cif_&_NOBFS_0', '8ct4-assembly1.cif_&_NOBFS_0', '2hqm-assembly1.cif_&_NOBFS_0', '1zk7-assembly1.cif_&_NOBFS_0', '1zx9-assembly1.cif_&_NOBFS_0', '4k8d-assembly1.cif_&_NOBFS_0', '1bwc-assembly1.cif_&_NOBFS_0', '1dnc-assembly1.cif_&_NOBFS_0', '1gra-assembly1.cif_&_NOBFS_0', '1grb-assembly1.cif_&_NOBFS_0', '1gre-assembly1.cif_&_NOBFS_0', '1grf-assembly1.cif_&_NOBFS_0', '1grg-assembly1.cif_&_NOBFS_0', '1grh-assembly1.cif_&_NOBFS_0', '1gsn-assembly1.cif_&_NOBFS_0', '1k4q-assembly1.cif_&_NOBFS_0', '1lvl-assembly1.cif_&_NOBFS_0', '1xan-assembly1.cif_&_NOBFS_0', '2aaq-assembly1.cif_&_NOBFS_0', '2gh5-assembly1.cif_&_NOBFS_0', '3djg-assembly1.cif_&_NOBFS_0', '3djj-assembly1.cif_&_NOBFS_0', '3dk4-assembly1.cif_&_NOBFS_0', '3dk8-assembly1.cif_&_NOBFS_0', '3dk9-assembly1.cif_&_NOBFS_0', '3grs-assembly1.cif_&_NOBFS_0', '3sqp-assembly1.cif_&_NOBFS_0', '4gr1-assembly1.cif_&_NOBFS_0', '1grt-assembly1.cif_&_NOBFS_0', '2grt-assembly1.cif_&_NOBFS_0', '3grt-assembly1.cif_&_NOBFS_0', '4grt-assembly1.cif_&_NOBFS_0', '5grt-assembly1.cif_&_NOBFS_0', '4k7z-assembly1.cif_&_NOBFS_0', '4b1b-assembly1.cif_&_NOBFS_0', '4j57-assembly1.cif_&_NOBFS_0', '5v36-assembly1.cif_&_NOBFS_0', '2v6o-assembly1.cif_&_NOBFS_0', '2x8c-assembly1.cif_&_NOBFS_0', '2x8g-assembly1.cif_&_NOBFS_0', '2x8h-assembly1.cif_&_NOBFS_0', '2x99-assembly1.cif_&_NOBFS_0', '3h4k-assembly1.cif_&_NOBFS_0', '6fmu-assembly1.cif_&_NOBFS_0', '6fmz-assembly1.cif_&_NOBFS_0', '6fp4-assembly1.cif_&_NOBFS_0', '6ftc-assembly1.cif_&_NOBFS_0', '6rtj-assembly1.cif_&_NOBFS_0', '6rtm-assembly1.cif_&_NOBFS_0', '6rto-assembly1.cif_&_NOBFS_0', '6zlb-assembly1.cif_&_NOBFS_0', '6zlp-assembly1.cif_&_NOBFS_0', '6zp3-assembly1.cif_&_NOBFS_0', '6zst-assembly1.cif_&_NOBFS_0', '7b02-assembly1.cif_&_NOBFS_0', '7npx-assembly1.cif_&_NOBFS_0', '1zdl-assembly1.cif_&_NOBFS_0', '1zkq-assembly1.cif_&_NOBFS_0', '3dgz-assembly1.cif_&_NOBFS_0', '4la1-assembly1.cif_&_NOBFS_0', '6i7n-assembly1.cif_&_NOBFS_0', '6t97-assembly1.cif_&_NOBFS_0', '6t98-assembly1.cif_&_NOBFS_0', '2jk6-assembly1.cif_&_NOBFS_0', '2w0h-assembly1.cif_&_NOBFS_0', '2x50-assembly1.cif_&_NOBFS_0', '2yau-assembly1.cif_&_NOBFS_0', '3qfa-assembly1.cif_&_NOBFS_0', '3qfb-assembly1.cif_&_NOBFS_0', '4adw-assembly1.cif_&_NOBFS_0', '4apn-assembly1.cif_&_NOBFS_0', '5ebk-assembly1.cif_&_NOBFS_0', '6er5-assembly1.cif_&_NOBFS_0', '7x1r-assembly1.cif_&_NOBFS_0', '1feb-assembly1.cif_&_NOBFS_0', '1fec-assembly1.cif_&_NOBFS_0', '1tyt-assembly1.cif_&_NOBFS_0', '1typ-assembly1.cif_&_NOBFS_0', '2tpr-assembly1.cif_&_NOBFS_0', '1xdi-assembly2.cif_&_NOBFS_0', '2wba-assembly1.cif_&_NOBFS_0', '4nev-assembly1.cif_&_NOBFS_0', '5s9s-assembly1.cif_&_NOBFS_0', '5s9t-assembly1.cif_&_NOBFS_0', '5s9u-assembly1.cif_&_NOBFS_0', '5s9v-assembly1.cif_&_NOBFS_0', '5s9w-assembly1.cif_&_NOBFS_0', '5s9x-assembly1.cif_&_NOBFS_0', '5s9y-assembly1.cif_&_NOBFS_0', '5s9z-assembly1.cif_&_NOBFS_0', '5sa0-assembly1.cif_&_NOBFS_0', '5sa1-assembly1.cif_&_NOBFS_0', '5sa2-assembly1.cif_&_NOBFS_0', '5sa3-assembly1.cif_&_NOBFS_0', '5smj-assembly1.cif_&_NOBFS_0', '5w1j-assembly1.cif_&_NOBFS_0', '5w1l-assembly1.cif_&_NOBFS_0', '5w1l-assembly2.cif_&_NOBFS_0', '6bu7-assembly1.cif_&_NOBFS_0', '6oex-assembly1.cif_&_NOBFS_0', '6oey-assembly1.cif_&_NOBFS_0', '6oez-assembly1.cif_&_NOBFS_0', '6rb5-assembly1.cif_&_NOBFS_0', '7nvp-assembly1.cif_&_NOBFS_0', '1aog-assembly1.cif_&_NOBFS_0', '1bzl-assembly1.cif_&_NOBFS_0', '1gxf-assembly1.cif_&_NOBFS_0', '4new-assembly1.cif_&_NOBFS_0', '3icr-assembly1.cif_&_NOBFS_0', '3ics-assembly1.cif_&_NOBFS_0', '3ict-assembly1.cif_&_NOBFS_0', '1mo9-assembly1.cif_&_NOBFS_0', '2c3c-assembly1.cif_&_NOBFS_0', '2c3d-assembly1.cif_&_NOBFS_0', '3q6j-assembly1.cif_&_NOBFS_0', '1onf-assembly1.cif_&_NOBFS_0', '7mgn-assembly1.cif_&_NOBFS_0', '7mgo-assembly1.cif_&_NOBFS_0', '3iwa-assembly1.cif_&_NOBFS_0', '8a56-assembly1.cif_&_NOBFS_0', '3cgb-assembly1.cif_&_NOBFS_0', '3cgc-assembly1.cif_&_NOBFS_0', '3cgd-assembly1.cif_&_NOBFS_0', '3cge-assembly1.cif_&_NOBFS_0', '3nt6-assembly1.cif_&_NOBFS_0', '3nta-assembly1.cif_&_NOBFS_0', '3ntd-assembly1.cif_&_NOBFS_0', '4ocg-assembly1.cif_&_NOBFS_0', '1d7y-assembly1.cif_&_NOBFS_0', '2bc0-assembly1.cif_&_NOBFS_0', '2bc1-assembly1.cif_&_NOBFS_0', '2bcp-assembly1.cif_&_NOBFS_0', '2gqw-assembly1.cif_&_NOBFS_0', '2gr0-assembly1.cif_&_NOBFS_0', '2gr1-assembly1.cif_&_NOBFS_0', '2gr2-assembly1.cif_&_NOBFS_0', '2gr3-assembly1.cif_&_NOBFS_0', '2yvf-assembly1.cif_&_NOBFS_0', '2yvg-assembly1.cif_&_NOBFS_0', '2yvj-assembly1.cif_&_NOBFS_0', '4h4p-assembly1.cif_&_NOBFS_0', '4h4q-assembly1.cif_&_NOBFS_0', '1f8w-assembly2.cif_&_NOBFS_0', '4h4r-assembly1.cif_&_NOBFS_0', '4h4s-assembly1.cif_&_NOBFS_0', '4h4t-assembly1.cif_&_NOBFS_0', '4h4u-assembly1.cif_&_NOBFS_0', '1joa-assembly2.cif_&_NOBFS_0', '1nhp-assembly2.cif_&_NOBFS_0', '1nhq-assembly2.cif_&_NOBFS_0']",932.0,31.6,0.0,1.0,1.0,2yqu,"{'b3962': {'B-0': [False, 31.6], 'A-0': [False, 31.6]}}"
3dgh-assembly1.cif_&_NOBFS_0,PDB,{'b3962': 4},"{'b3962': {'B-0': [True, 0.5591397849462365], 'A-1': [True, 0.5591397849462365], 'A-0': [True, 0.5591397849462365], 'B-1': [True, 0.5591397849462365]}}","['3dgh-assembly1.cif_&_NOBFS_0', '5v36-assembly2.cif_&_NOBFS_0', '7p0x-assembly1.cif_&_NOBFS_0', '7p0x-assembly2.cif_&_NOBFS_0', '7put-assembly1.cif_&_NOBFS_0', '7put-assembly2.cif_&_NOBFS_0', '1xdi-assembly1.cif_&_NOBFS_0', '6btl-assembly1.cif_&_NOBFS_0', '3l8k-assembly1.cif_&_NOBFS_0', '1f8w-assembly1.cif_&_NOBFS_0']",1864.0,29.5,0.0,1.0,1.0,3dgh,"{'b3962': {'B-0': [False, 29.4], 'A-1': [False, 29.6], 'A-0': [False, 29.6], 'B-1': [False, 29.4]}}"
6t95-assembly1.cif_&_NOBFS_0,PDB,{'b3962': 1},"{'b3962': {'A-0': [False, 0.3924731182795699]}}","['6t95-assembly1.cif_&_NOBFS_0', '1f3p-assembly1.cif_&_NOBFS_0', '1joa-assembly1.cif_&_NOBFS_0', '1nhp-assembly1.cif_&_NOBFS_0', '1nhq-assembly1.cif_&_NOBFS_0']",466.0,25.6,0.0,1.0,1.0,6t95,"{'b3962': {'A-0': [False, 25.6]}}"
4ocg-assembly2.cif_&_NOBFS_0,PDB,{'b3962': 6},"{'b3962': {'B-0': [False, 0.11290322580645161], 'B-1': [False, 0.11290322580645161], 'A-2': [False, 0.11290322580645161], 'B-2': [False, 0.11290322580645161], 'A-0': [False, 0.11290322580645161], 'A-1': [False, 0.11290322580645161]}}",['4ocg-assembly2.cif_&_NOBFS_0'],2796.0,18.0,0.0,1.0,1.0,4ocg,"{'b3962': {'B-0': [False, 18.0], 'B-1': [False, 18.0], 'A-2': [False, 18.0], 'B-2': [False, 18.0], 'A-0': [False, 18.0], 'A-1': [False, 18.0]}}"
7a46-assembly1.cif_&_NOBFS_0,PDB,{'b0808': 7},"{'b0808': {'B-0': [True, 1.0], 'C-0': [True, 1.0], 'A-0': [True, 1.0], 'D-0': [True, 1.0], 'G-0': [True, 1.0], 'F-0': [True, 1.0], 'E-0': [True, 1.0]}}","['7a46-assembly1.cif_&_NOBFS_0', '3t9n-assembly1.cif_&_NOBFS_0', '3udc-assembly1.cif_&_NOBFS_0', '7uw5-assembly1.cif_&_NOBFS_0', '7ux1-assembly1.cif_&_NOBFS_0']",5187.0,16.5,0.0,1.0,1.0,7a46,"{'b0808': {'B-0': [False, 16.5], 'C-0': [False, 16.5], 'A-0': [False, 16.5], 'D-0': [False, 16.5], 'G-0': [False, 16.5], 'F-0': [False, 16.5], 'E-0': [False, 16.5]}}"
4dx5-assembly1.cif_&_NOBFS_0,PDB,{'b0462': 3},"{'b0462': {'B-0': [True, 1.0], 'C-0': [True, 1.0], 'A-0': [True, 1.0]}}","['1iwg-assembly1.cif_&_NOBFS_0', '1oy6-assembly1.cif_&_NOBFS_0', '1oy8-assembly1.cif_&_NOBFS_0', '1oy9-assembly1.cif_&_NOBFS_0', '1oyd-assembly1.cif_&_NOBFS_0', '1oye-assembly1.cif_&_NOBFS_0', '2dhh-assembly1.cif_&_NOBFS_0', '2dr6-assembly1.cif_&_NOBFS_0', '2drd-assembly1.cif_&_NOBFS_0', '2gif-assembly1.cif_&_NOBFS_0', '2i6w-assembly1.cif_&_NOBFS_0', '2j8s-assembly1.cif_&_NOBFS_0', '2rdd-assembly1.cif_&_NOBFS_0', '2w1b-assembly1.cif_&_NOBFS_0', '3aoa-assembly1.cif_&_NOBFS_0', '3aob-assembly1.cif_&_NOBFS_0', '3aoc-assembly1.cif_&_NOBFS_0', '3aod-assembly1.cif_&_NOBFS_0', '3d9b-assembly1.cif_&_NOBFS_0', '3noc-assembly1.cif_&_NOBFS_0', '3nog-assembly1.cif_&_NOBFS_0', '4cdi-assembly1.cif_&_NOBFS_0', '4dx5-assembly1.cif_&_NOBFS_0', '4dx7-assembly1.cif_&_NOBFS_0', '4k7q-assembly1.cif_&_NOBFS_0', '4zlj-assembly1.cif_&_NOBFS_0', '5jmn-assembly1.cif_&_NOBFS_0', '5nc5-assembly1.cif_&_NOBFS_0', '6baj-assembly1.cif_&_NOBFS_0', '6nzi-assembly1.cif_&_NOBFS_0', '6sgr-assembly1.cif_&_NOBFS_0', '6sgs-assembly1.cif_&_NOBFS_0', '6sgt-assembly1.cif_&_NOBFS_0', '6sgu-assembly1.cif_&_NOBFS_0', '6zoa-assembly1.cif_&_NOBFS_0', '6zob-assembly1.cif_&_NOBFS_0', '6zod-assembly1.cif_&_NOBFS_0', '7ouk-assembly1.cif_&_NOBFS_0', '7rr6-assembly1.cif_&_NOBFS_0', '7rr7-assembly1.cif_&_NOBFS_0', '7rr8-assembly1.cif_&_NOBFS_0', '2hqf-assembly1.cif_&_NOBFS_0', '2hqg-assembly1.cif_&_NOBFS_0', '4dx6-assembly1.cif_&_NOBFS_0', '4u8v-assembly1.cif_&_NOBFS_0', '4u8y-assembly1.cif_&_NOBFS_0', '4u95-assembly1.cif_&_NOBFS_0', '4u96-assembly1.cif_&_NOBFS_0', '6q4n-assembly1.cif_&_NOBFS_0', '6q4o-assembly1.cif_&_NOBFS_0', '7b5p-assembly1.cif_&_NOBFS_0', '7oul-assembly1.cif_&_NOBFS_0', '7oum-assembly1.cif_&_NOBFS_0', '1t9t-assembly1.cif_&_NOBFS_0', '1t9u-assembly1.cif_&_NOBFS_0', '1t9v-assembly1.cif_&_NOBFS_0', '1t9w-assembly1.cif_&_NOBFS_0', '1t9x-assembly1.cif_&_NOBFS_0', '1t9y-assembly1.cif_&_NOBFS_0', '2hqc-assembly1.cif_&_NOBFS_0', '2hqd-assembly1.cif_&_NOBFS_0', '6csx-assembly1.cif_&_NOBFS_0', '6q4p-assembly1.cif_&_NOBFS_0', '6zo6-assembly1.cif_&_NOBFS_0', '6zo7-assembly1.cif_&_NOBFS_0', '6zo8-assembly1.cif_&_NOBFS_0', '6zo9-assembly1.cif_&_NOBFS_0', '6zoc-assembly1.cif_&_NOBFS_0', '6zoe-assembly1.cif_&_NOBFS_0', '6zof-assembly1.cif_&_NOBFS_0', '6zog-assembly1.cif_&_NOBFS_0', '4c48-assembly1.cif_&_NOBFS_0', '6zo5-assembly1.cif_&_NOBFS_0', '6zoh-assembly1.cif_&_NOBFS_0', '4zll-assembly1.cif_&_NOBFS_0', '5yil-assembly1.cif_&_NOBFS_0', '4zln-assembly1.cif_&_NOBFS_0', '3w9h-assembly1.cif_&_NOBFS_0', '8ffk-assembly1.cif_&_NOBFS_0', '8ffs-assembly1.cif_&_NOBFS_0', '6t7s-assembly1.cif_&_NOBFS_0', '8f3e-assembly1.cif_&_NOBFS_0', '8f4r-assembly1.cif_&_NOBFS_0', '7m4p-assembly1.cif_&_NOBFS_0', '7m4q-assembly1.cif_&_NOBFS_0', '7ry3-assembly1.cif_&_NOBFS_0', '5en5-assembly1.cif_&_NOBFS_0', '5eno-assembly1.cif_&_NOBFS_0', '5enp-assembly1.cif_&_NOBFS_0', '5enq-assembly1.cif_&_NOBFS_0', '5enr-assembly1.cif_&_NOBFS_0', '5ens-assembly1.cif_&_NOBFS_0', '5ent-assembly1.cif_&_NOBFS_0', '7b8r-assembly1.cif_&_NOBFS_0', '7b8s-assembly1.cif_&_NOBFS_0', '7b8t-assembly1.cif_&_NOBFS_0', '8deu-assembly1.cif_&_NOBFS_0', '8dew-assembly1.cif_&_NOBFS_0', '6vks-assembly1.cif_&_NOBFS_0', '6vkt-assembly1.cif_&_NOBFS_0', '8dev-assembly1.cif_&_NOBFS_0', '4mt1-assembly1.cif_&_NOBFS_0', '6ows-assembly1.cif_&_NOBFS_0', '7b8p-assembly1.cif_&_NOBFS_0', '7b8q-assembly1.cif_&_NOBFS_0', '7kgd-assembly1.cif_&_NOBFS_0', '7kge-assembly1.cif_&_NOBFS_0', '7kgf-assembly1.cif_&_NOBFS_0', '7kgg-assembly1.cif_&_NOBFS_0', '7kgh-assembly1.cif_&_NOBFS_0', '7kgi-assembly1.cif_&_NOBFS_0', '5t0o-assembly1.cif_&_NOBFS_0', '4k0e-assembly1.cif_&_NOBFS_0', '3k07-assembly1.cif_&_NOBFS_0', '3k0i-assembly1.cif_&_NOBFS_0', '3kso-assembly1.cif_&_NOBFS_0', '3kss-assembly1.cif_&_NOBFS_0', '3ne5-assembly1.cif_&_NOBFS_0', '3t51-assembly2.cif_&_NOBFS_0', '3t53-assembly2.cif_&_NOBFS_0', '3t56-assembly2.cif_&_NOBFS_0', '4dop-assembly1.cif_&_NOBFS_0', '7kf5-assembly1.cif_&_NOBFS_0', '7kf6-assembly1.cif_&_NOBFS_0', '7kf7-assembly1.cif_&_NOBFS_0', '7kf8-assembly1.cif_&_NOBFS_0', '4dnr-assembly1.cif_&_NOBFS_0', '4dnt-assembly1.cif_&_NOBFS_0']",3147.0,98.83333333333333,1.0,1.0,1.0,4dx5,"{'b0462': {'B-0': [True, 98.5], 'C-0': [True, 98.5], 'A-0': [True, 99.5]}}"
5o66-assembly1.cif_&_MATCH_0,PDB,"{'b3241': 6, 'b3035': 3, 'b0462': 3}","{'b3241': {'D-0': [True, 1.0], 'E-0': [True, 1.0], 'F-0': [True, 1.0], 'G-0': [True, 1.0], 'H-0': [True, 1.0], 'I-0': [True, 1.0]}, 'b3035': {'B-0': [True, 1.0], 'C-0': [True, 1.0], 'A-0': [True, 1.0]}, 'b0462': {'K-0': [True, 1.0], 'J-0': [True, 1.0], 'L-0': [True, 1.0]}}","['5ng5-assembly1.cif_&_MATCH_0', '5o66-assembly1.cif_&_MATCH_0', '5v5s-assembly1.cif_&_MATCH_0']",6486.0,73.59693185322233,0.7132284921369103,1.0,1.0,5o66,"{'b3241': {'D-0': [False, 20.4], 'E-0': [False, 20.4], 'F-0': [False, 20.4], 'G-0': [False, 20.4], 'H-0': [False, 20.4], 'I-0': [False, 20.4]}, 'b3035': {'B-0': [True, 86.8], 'C-0': [True, 86.8], 'A-0': [True, 86.8]}, 'b0462': {'K-0': [True, 98.5], 'J-0': [True, 99.5], 'L-0': [True, 98.5]}}"
5o66-assembly1.cif_&_MATCH_1,PDB,"{'b0878': 6, 'b3035': 3, 'b0462': 3}","{'b0878': {'D-0': [False, 0.012519561815336464], 'E-0': [False, 0.012519561815336464], 'F-0': [False, 0.012519561815336464], 'G-0': [False, 0.012519561815336464], 'H-0': [False, 0.012519561815336464], 'I-0': [False, 0.012519561815336464]}, 'b3035': {'B-0': [True, 1.0], 'C-0': [True, 1.0], 'A-0': [True, 1.0]}, 'b0462': {'K-0': [True, 1.0], 'J-0': [True, 1.0], 'L-0': [True, 1.0]}}","['5ng5-assembly1.cif_&_MATCH_1', '5o66-assembly1.cif_&_MATCH_1', '5v5s-assembly1.cif_&_MATCH_1']",6852.0,70.5929801517805,0.6751313485113836,1.0,1.0,5o66,"{'b0878': {'D-0': [False, 19.9], 'E-0': [False, 19.9], 'F-0': [False, 19.9], 'G-0': [False, 19.9], 'H-0': [False, 19.9], 'I-0': [False, 19.9]}, 'b3035': {'B-0': [True, 86.8], 'C-0': [True, 86.8], 'A-0': [True, 86.8]}, 'b0462': {'K-0': [True, 98.5], 'J-0': [True, 99.5], 'L-0': [True, 98.5]}}"
5o66-assembly1.cif_&_MATCH_2,PDB,"{'b0463': 6, 'b3035': 3, 'b0462': 3}","{'b0463': {'D-0': [True, 0.9323943661971831], 'E-0': [True, 0.9323943661971831], 'F-0': [True, 0.9323943661971831], 'G-0': [True, 0.9323943661971831], 'H-0': [True, 0.9323943661971831], 'I-0': [True, 0.9323943661971831]}, 'b3035': {'B-0': [True, 1.0], 'C-0': [True, 1.0], 'A-0': [True, 1.0]}, 'b0462': {'K-0': [True, 1.0], 'J-0': [True, 1.0], 'L-0': [True, 1.0]}}","['5ng5-assembly1.cif_&_MATCH_2', '5o66-assembly1.cif_&_MATCH_2', '5v5s-assembly1.cif_&_MATCH_2', '6iok-assembly1.cif_&_NOBFS_0', '6iol-assembly1.cif_&_NOBFS_0', '6ta5-assembly1.cif_&_NOBFS_0', '6ta6-assembly1.cif_&_NOBFS_0']",7008.0,89.00863299086757,1.0,1.0,1.0,5o66,"{'b0463': {'D-0': [True, 77.4], 'E-0': [True, 77.4], 'F-0': [True, 77.4], 'G-0': [True, 77.4], 'H-0': [True, 77.4], 'I-0': [True, 77.4]}, 'b3035': {'B-0': [True, 86.8], 'C-0': [True, 86.8], 'A-0': [True, 86.8]}, 'b0462': {'K-0': [True, 98.5], 'J-0': [True, 99.5], 'L-0': [True, 98.5]}}"
8f4n-assembly1.cif_&_NOBFS_0,PDB,{'b0462': 2},"{'b0462': {'B-0': [True, 0.6227738801942796], 'A-0': [True, 0.6227738801942796]}}","['8f4n-assembly1.cif_&_NOBFS_0', '8f56-assembly1.cif_&_NOBFS_0']",2098.0,64.5,1.0,1.0,1.0,8f4n,"{'b0462': {'B-0': [True, 65.3], 'A-0': [True, 63.7]}}"
3t53-assembly1.cif_&_NOBFS_0,PDB,{'b0462': 1},"{'b0462': {'A-0': [False, 0.0032379924446842958]}}","['3t51-assembly1.cif_&_NOBFS_0', '3t53-assembly1.cif_&_NOBFS_0', '3t56-assembly1.cif_&_NOBFS_0']",1049.0,21.7,0.0,1.0,1.0,3t53,"{'b0462': {'A-0': [False, 21.7]}}"
6vej-assembly1.cif_&_NOBFS_0,PDB,"{'b0462': 3, 'b0463': 3}","{'b0462': {'B-0': [False, 0.0], 'C-0': [False, 0.0], 'A-0': [False, 0.0]}, 'b0463': {'Q-0': [False, 0.04647887323943662], 'R-0': [False, 0.04647887323943662], 'P-0': [False, 0.04647887323943662]}}",['6vej-assembly1.cif_&_NOBFS_0'],4338.0,17.348063623789766,0.0,1.0,1.0,6vej,"{'b0462': {'B-0': [False, 23.8], 'C-0': [False, 23.8], 'A-0': [False, 23.8]}, 'b0463': {'Q-0': [False, 0.3], 'R-0': [False, 0.3], 'P-0': [False, 0.3]}}"
1rnl-assembly1.cif_&_NOBFS_0,PDB,{'b1221': 1},"{'b1221': {'A-0': [True, 1.0]}}","['1rnl-assembly1.cif_&_NOBFS_0', '4yn8-assembly1.cif_&_NOBFS_0', '6ekg-assembly1.cif_&_NOBFS_0', '6ekh-assembly1.cif_&_NOBFS_0', '1tmy-assembly1.cif_&_NOBFS_0', '1u0s-assembly1.cif_&_NOBFS_0', '2tmy-assembly1.cif_&_NOBFS_0', '4iga-assembly1.cif_&_NOBFS_0', '3b2n-assembly1.cif_&_NOBFS_0', '4qwv-assembly1.cif_&_NOBFS_0', '4qyw-assembly1.cif_&_NOBFS_0', '1yio-assembly1.cif_&_NOBFS_0', '1zn2-assembly1.cif_&_NOBFS_0', '5xso-assembly1.cif_&_NOBFS_0', '1s8n-assembly1.cif_&_NOBFS_0', '1sd5-assembly1.cif_&_NOBFS_0', '2gwr-assembly1.cif_&_NOBFS_0', '3kyj-assembly1.cif_&_NOBFS_0', '5x5j-assembly1.cif_&_NOBFS_0', '5xjp-assembly1.cif_&_NOBFS_0', '2lle-assembly1.cif_&_NOBFS_0', '3dgf-assembly1.cif_&_NOBFS_0', '3kyi-assembly1.cif_&_NOBFS_0', '3q9s-assembly1.cif_&_NOBFS_0', '3eod-assembly1.cif_&_NOBFS_0', '6z4e-assembly2.cif_&_NOBFS_0', '7l9c-assembly1.cif_&_NOBFS_0', '2a9o-assembly1.cif_&_NOBFS_0', '2a9p-assembly1.cif_&_NOBFS_0', '5ep0-assembly1.cif_&_NOBFS_0', '6eb7-assembly1.cif_&_NOBFS_0', '6ebb-assembly1.cif_&_NOBFS_0', '6ebr-assembly1.cif_&_NOBFS_0', '3a0u-assembly1.cif_&_NOBFS_0', '3a10-assembly1.cif_&_NOBFS_0', '3cwo-assembly2.cif_&_NOBFS_0', '3gwg-assembly1.cif_&_NOBFS_0', '3h1e-assembly1.cif_&_NOBFS_0', '3h1g-assembly1.cif_&_NOBFS_0', '4ja2-assembly1.cif_&_NOBFS_0', '6od1-assembly1.cif_&_NOBFS_0', '3f6p-assembly1.cif_&_NOBFS_0', '5t3y-assembly1.cif_&_NOBFS_0', '6lgq-assembly1.cif_&_NOBFS_0', '3h1f-assembly1.cif_&_NOBFS_0', '5wq0-assembly1.cif_&_NOBFS_0', '5wq0-assembly2.cif_&_NOBFS_0', '5wq0-assembly3.cif_&_NOBFS_0', '5wq0-assembly4.cif_&_NOBFS_0', '5wq0-assembly5.cif_&_NOBFS_0', '5wq0-assembly6.cif_&_NOBFS_0', '5wq0-assembly7.cif_&_NOBFS_0', '6ifh-assembly1.cif_&_NOBFS_0', '3cfy-assembly1.cif_&_NOBFS_0', '3cg4-assembly1.cif_&_NOBFS_0', '3hzh-assembly1.cif_&_NOBFS_0', '3jte-assembly1.cif_&_NOBFS_0', '1fsp-assembly1.cif_&_NOBFS_0', '1nat-assembly1.cif_&_NOBFS_0', '1pux-assembly1.cif_&_NOBFS_0', '2che-assembly1.cif_&_NOBFS_0', '2chf-assembly1.cif_&_NOBFS_0', '2chy-assembly1.cif_&_NOBFS_0', '2fka-assembly1.cif_&_NOBFS_0', '2flk-assembly1.cif_&_NOBFS_0', '2flw-assembly1.cif_&_NOBFS_0', '2fmf-assembly1.cif_&_NOBFS_0', '2fmh-assembly1.cif_&_NOBFS_0', '2fmi-assembly1.cif_&_NOBFS_0', '2fmk-assembly1.cif_&_NOBFS_0', '2fsp-assembly1.cif_&_NOBFS_0', '3to5-assembly1.cif_&_NOBFS_0', '4hnq-assembly1.cif_&_NOBFS_0', '4hns-assembly1.cif_&_NOBFS_0', '4jp1-assembly1.cif_&_NOBFS_0', '4lx8-assembly1.cif_&_NOBFS_0', '1kgs-assembly1.cif_&_NOBFS_0', '2jvj-assembly1.cif_&_NOBFS_0', '7esg-assembly1.cif_&_NOBFS_0', '1bdj-assembly1.cif_&_NOBFS_0', '1cey-assembly1.cif_&_NOBFS_0', '1chn-assembly1.cif_&_NOBFS_0', '1cye-assembly1.cif_&_NOBFS_0', '1d4z-assembly1.cif_&_NOBFS_0', '1dc7-assembly1.cif_&_NOBFS_0']",216.0,92.6,1.0,1.0,1.0,1rnl,"{'b1221': {'A-0': [True, 92.6]}}"
1rnl-assembly2.cif_&_NOBFS_0,PDB,{'b1221': 4},"{'b1221': {'A-1': [True, 1.0], 'A-2': [True, 1.0], 'A-0': [True, 1.0], 'A-3': [True, 1.0]}}","['1rnl-assembly2.cif_&_NOBFS_0', '4if4-assembly1.cif_&_NOBFS_0', '1zgz-assembly3.cif_&_NOBFS_0', '3bre-assembly2.cif_&_NOBFS_0', '3i5a-assembly1.cif_&_NOBFS_0']",864.0,92.6,1.0,1.0,1.0,1rnl,"{'b1221': {'A-1': [True, 92.6], 'A-2': [True, 92.6], 'A-0': [True, 92.6], 'A-3': [True, 92.6]}}"
1rnl-assembly3.cif_&_NOBFS_0,PDB,{'b1221': 2},"{'b1221': {'A-1': [True, 1.0], 'A-0': [True, 1.0]}}","['1rnl-assembly3.cif_&_NOBFS_0', '7ve6-assembly1.cif_&_NOBFS_0', '3c3w-assembly1.cif_&_NOBFS_0', '4hye-assembly1.cif_&_NOBFS_0', '4zmr-assembly1.cif_&_NOBFS_0', '4zms-assembly1.cif_&_NOBFS_0', '4ldz-assembly1.cif_&_NOBFS_0', '4e7o-assembly1.cif_&_NOBFS_0', '4e7p-assembly1.cif_&_NOBFS_0', '4e7p-assembly2.cif_&_NOBFS_0', '7od9-assembly1.cif_&_NOBFS_0', '3f6c-assembly1.cif_&_NOBFS_0', '6wsh-assembly1.cif_&_NOBFS_0', '6ww6-assembly1.cif_&_NOBFS_0', '4le0-assembly1.cif_&_NOBFS_0', '4le0-assembly2.cif_&_NOBFS_0', '4le1-assembly3.cif_&_NOBFS_0', '6c40-assembly1.cif_&_NOBFS_0', '3eq2-assembly1.cif_&_NOBFS_0', '3f7a-assembly1.cif_&_NOBFS_0', '5o8z-assembly1.cif_&_NOBFS_0', '5w43-assembly1.cif_&_NOBFS_0', '6eo2-assembly1.cif_&_NOBFS_0', '6eo3-assembly1.cif_&_NOBFS_0', '6zix-assembly1.cif_&_NOBFS_0', '1dz3-assembly1.cif_&_NOBFS_0', '4qpj-assembly1.cif_&_NOBFS_0', '4qpj-assembly2.cif_&_NOBFS_0', '1mvo-assembly1.cif_&_NOBFS_0', '2qsj-assembly1.cif_&_NOBFS_0', '6qrj-assembly1.cif_&_NOBFS_0', '3dge-assembly1.cif_&_NOBFS_0', '5uht-assembly1.cif_&_NOBFS_0', '6azr-assembly1.cif_&_NOBFS_0', '6rfv-assembly1.cif_&_NOBFS_0', '6rgz-assembly1.cif_&_NOBFS_0', '6rh0-assembly1.cif_&_NOBFS_0', '6oap-assembly1.cif_&_NOBFS_0', '6oaq-assembly1.cif_&_NOBFS_0', '6ob8-assembly1.cif_&_NOBFS_0', '6z4c-assembly1.cif_&_NOBFS_0', '6z4e-assembly1.cif_&_NOBFS_0', '7cci-assembly1.cif_&_NOBFS_0', '7lcm-assembly1.cif_&_NOBFS_0', '1nxo-assembly1.cif_&_NOBFS_0', '1nxp-assembly1.cif_&_NOBFS_0', '1nxs-assembly1.cif_&_NOBFS_0', '1nxt-assembly1.cif_&_NOBFS_0', '1nxv-assembly1.cif_&_NOBFS_0', '1nxw-assembly1.cif_&_NOBFS_0', '1nxx-assembly1.cif_&_NOBFS_0', '2a9r-assembly1.cif_&_NOBFS_0', '3a0r-assembly1.cif_&_NOBFS_0', '3cwo-assembly1.cif_&_NOBFS_0', '4jas-assembly1.cif_&_NOBFS_0', '4jav-assembly1.cif_&_NOBFS_0', '6rh1-assembly1.cif_&_NOBFS_0', '6rh2-assembly1.cif_&_NOBFS_0', '6rh7-assembly1.cif_&_NOBFS_0', '6rh8-assembly1.cif_&_NOBFS_0', '2zwm-assembly1.cif_&_NOBFS_0', '4kfc-assembly1.cif_&_NOBFS_0', '4kny-assembly1.cif_&_NOBFS_0', '1zh2-assembly1.cif_&_NOBFS_0', '1zh4-assembly1.cif_&_NOBFS_0', '3r0j-assembly1.cif_&_NOBFS_0', '7m0s-assembly1.cif_&_NOBFS_0', '1xhe-assembly1.cif_&_NOBFS_0', '1xhf-assembly1.cif_&_NOBFS_0', '3cu5-assembly1.cif_&_NOBFS_0', '1ys6-assembly1.cif_&_NOBFS_0', '1ys7-assembly1.cif_&_NOBFS_0', '5uic-assembly1.cif_&_NOBFS_0', '8avv-assembly1.cif_&_NOBFS_0', '8avw-assembly1.cif_&_NOBFS_0', '8avx-assembly1.cif_&_NOBFS_0', '5e3j-assembly1.cif_&_NOBFS_0', '5hm6-assembly1.cif_&_NOBFS_0', '5hm6-assembly2.cif_&_NOBFS_0', '6br7-assembly1.cif_&_NOBFS_0', '3w9s-assembly1.cif_&_NOBFS_0', '4s05-assembly1.cif_&_NOBFS_0', '1ny5-assembly1.cif_&_NOBFS_0', '1zy2-assembly1.cif_&_NOBFS_0', '3bre-assembly1.cif_&_NOBFS_0', '3myy-assembly1.cif_&_NOBFS_0', '4l4u-assembly1.cif_&_NOBFS_0', '6vbf-assembly1.cif_&_NOBFS_0', '1i3c-assembly1.cif_&_NOBFS_0', '1jlk-assembly1.cif_&_NOBFS_0', '3crn-assembly1.cif_&_NOBFS_0', '3q15-assembly1.cif_&_NOBFS_0', '3q15-assembly2.cif_&_NOBFS_0', '4wt0-assembly1.cif_&_NOBFS_0', '4wu4-assembly1.cif_&_NOBFS_0', '4wuh-assembly1.cif_&_NOBFS_0', '4wul-assembly1.cif_&_NOBFS_0', '5dcl-assembly1.cif_&_NOBFS_0', '5dcm-assembly1.cif_&_NOBFS_0', '5ic5-assembly1.cif_&_NOBFS_0', '6ont-assembly1.cif_&_NOBFS_0', '3c97-assembly1.cif_&_NOBFS_0', '4wsz-assembly1.cif_&_NOBFS_0']",432.0,92.6,1.0,1.0,1.0,1rnl,"{'b1221': {'A-1': [True, 92.6], 'A-0': [True, 92.6]}}"
5o8y-assembly1.cif_&_NOBFS_0,PDB,{'b1221': 6},"{'b1221': {'C-0': [False, 0.06720430107526881], 'H-0': [False, 0.06720430107526881], 'A-0': [False, 0.06720430107526881], 'D-0': [False, 0.06720430107526881], 'G-0': [False, 0.06720430107526881], 'F-0': [False, 0.06720430107526881]}}","['5o8y-assembly1.cif_&_NOBFS_0', '6eo2-assembly2.cif_&_NOBFS_0']",1296.0,22.95,0.0,1.0,1.0,5o8y,"{'b1221': {'C-0': [False, 22.8], 'H-0': [False, 23.7], 'A-0': [False, 22.8], 'D-0': [False, 22.8], 'G-0': [False, 22.8], 'F-0': [False, 22.8]}}"
3m6m-assembly1.cif_&_NOBFS_0,PDB,{'b1221': 3},"{'b1221': {'F-0': [False, 0.01881720430107527], 'E-0': [False, 0.01881720430107527], 'D-0': [False, 0.01881720430107527]}}","['3m6m-assembly1.cif_&_NOBFS_0', '2fmh-assembly3.cif_&_NOBFS_0', '2fmi-assembly2.cif_&_NOBFS_0']",648.0,5.3,0.0,1.0,1.0,3m6m,"{'b1221': {'F-0': [False, 5.3], 'E-0': [False, 5.3], 'D-0': [False, 5.3]}}"
2fka-assembly2.cif_&_NOBFS_0,PDB,{'b1221': 12},"{'b1221': {'A-8': [False, 0.013440860215053764], 'A-4': [False, 0.013440860215053764], 'A-9': [False, 0.013440860215053764], 'A-11': [False, 0.013440860215053764], 'A-2': [False, 0.013440860215053764], 'A-7': [False, 0.013440860215053764], 'A-10': [False, 0.013440860215053764], 'A-0': [False, 0.013440860215053764], 'A-6': [False, 0.013440860215053764], 'A-1': [False, 0.013440860215053764], 'A-5': [False, 0.013440860215053764], 'A-3': [False, 0.013440860215053764]}}",['2fka-assembly2.cif_&_NOBFS_0'],2592.0,15.300000000000004,0.0,1.0,1.0,2fka,"{'b1221': {'A-8': [False, 15.3], 'A-4': [False, 15.3], 'A-9': [False, 15.3], 'A-11': [False, 15.3], 'A-2': [False, 15.3], 'A-7': [False, 15.3], 'A-10': [False, 15.3], 'A-0': [False, 15.3], 'A-6': [False, 15.3], 'A-1': [False, 15.3], 'A-5': [False, 15.3], 'A-3': [False, 15.3]}}"
2fmh-assembly2.cif_&_NOBFS_0,PDB,{'b1221': 24},"{'b1221': {'A-8': [False, 0.013440860215053764], 'A-4': [False, 0.013440860215053764], 'A-22': [False, 0.013440860215053764], 'A-20': [False, 0.013440860215053764], 'A-12': [False, 0.013440860215053764], 'A-10': [False, 0.013440860215053764], 'A-18': [False, 0.013440860215053764], 'A-14': [False, 0.013440860215053764], 'A-23': [False, 0.013440860215053764], 'A-17': [False, 0.013440860215053764], 'A-6': [False, 0.013440860215053764], 'A-1': [False, 0.013440860215053764], 'A-19': [False, 0.013440860215053764], 'A-9': [False, 0.013440860215053764], 'A-7': [False, 0.013440860215053764], 'A-16': [False, 0.013440860215053764], 'A-3': [False, 0.013440860215053764], 'A-2': [False, 0.013440860215053764], 'A-21': [False, 0.013440860215053764], 'A-0': [False, 0.013440860215053764], 'A-13': [False, 0.013440860215053764], 'A-15': [False, 0.013440860215053764], 'A-11': [False, 0.013440860215053764], 'A-5': [False, 0.013440860215053764]}}","['2flk-assembly2.cif_&_NOBFS_0', '2fmh-assembly2.cif_&_NOBFS_0']",5184.0,15.300000000000002,0.0,1.0,1.0,2fmh,"{'b1221': {'A-8': [False, 15.3], 'A-4': [False, 15.3], 'A-22': [False, 15.3], 'A-20': [False, 15.3], 'A-12': [False, 15.3], 'A-10': [False, 15.3], 'A-18': [False, 15.3], 'A-14': [False, 15.3], 'A-23': [False, 15.3], 'A-17': [False, 15.3], 'A-6': [False, 15.3], 'A-1': [False, 15.3], 'A-19': [False, 15.3], 'A-9': [False, 15.3], 'A-7': [False, 15.3], 'A-16': [False, 15.3], 'A-3': [False, 15.3], 'A-2': [False, 15.3], 'A-21': [False, 15.3], 'A-0': [False, 15.3], 'A-13': [False, 15.3], 'A-15': [False, 15.3], 'A-11': [False, 15.3], 'A-5': [False, 15.3]}}"
4tko-assembly1.cif_&_NOBFS_0,PDB,{'b3241': 1},"{'b3241': {'B-0': [True, 1.0]}}",['4tko-assembly1.cif_&_NOBFS_0'],310.0,16.2,0.0,1.0,1.0,4tko,"{'b3241': {'B-0': [False, 16.2]}}"
3cam-assembly1.cif_&_NOBFS_0,PDB,{'b0880': 2},"{'b0880': {'B-0': [True, 1.0], 'A-0': [True, 1.0]}}","['3cam-assembly1.cif_&_NOBFS_0', '3i2z-assembly1.cif_&_NOBFS_0', '1c9o-assembly1.cif_&_NOBFS_0', '1hz9-assembly1.cif_&_NOBFS_0', '1hzb-assembly1.cif_&_NOBFS_0', '1hzc-assembly1.cif_&_NOBFS_0', '2hax-assembly1.cif_&_NOBFS_0', '1i5f-assembly1.cif_&_NOBFS_0', '1hza-assembly1.cif_&_NOBFS_0', '5jx4-assembly1.cif_&_NOBFS_0', '2i5m-assembly2.cif_&_NOBFS_0', '3ts0-assembly1.cif_&_NOBFS_0', '3ts2-assembly1.cif_&_NOBFS_0']",148.0,54.1,1.0,1.0,1.0,3cam,"{'b0880': {'B-0': [True, 54.1], 'A-0': [True, 54.1]}}"
2mqh-assembly1.cif_&_NOBFS_0,PDB,{'b0880': 1},"{'b0880': {'A-0': [True, 0.7391304347826086]}}","['2mqh-assembly1.cif_&_NOBFS_0', '5o6f-assembly1.cif_&_NOBFS_0', '5xv9-assembly1.cif_&_NOBFS_0', '2lxj-assembly1.cif_&_NOBFS_0', '2lxk-assembly1.cif_&_NOBFS_0', '1g6p-assembly1.cif_&_NOBFS_0', '1mjc-assembly1.cif_&_NOBFS_0', '2l15-assembly1.cif_&_NOBFS_0', '3mef-assembly1.cif_&_NOBFS_0', '2i5l-assembly1.cif_&_NOBFS_0', '1csp-assembly1.cif_&_NOBFS_0', '1csq-assembly1.cif_&_NOBFS_0', '1nmf-assembly1.cif_&_NOBFS_0', '1nmg-assembly1.cif_&_NOBFS_0', '2es2-assembly1.cif_&_NOBFS_0', '2f52-assembly1.cif_&_NOBFS_0', '2i5m-assembly1.cif_&_NOBFS_0', '2mo0-assembly1.cif_&_NOBFS_0', '2mo1-assembly1.cif_&_NOBFS_0', '6szz-assembly1.cif_&_NOBFS_0', '6t00-assembly1.cif_&_NOBFS_0', '2lss-assembly1.cif_&_NOBFS_0', '6lmr-assembly1.cif_&_NOBFS_0', '6lms-assembly1.cif_&_NOBFS_0', '1h95-assembly1.cif_&_NOBFS_0', '5yts-assembly1.cif_&_NOBFS_0', '5ytt-assembly1.cif_&_NOBFS_0', '5ytv-assembly1.cif_&_NOBFS_0', '5ytx-assembly1.cif_&_NOBFS_0', '6a6l-assembly1.cif_&_NOBFS_0', '6ktc-assembly1.cif_&_NOBFS_0', '6kug-assembly1.cif_&_NOBFS_0', '7f3k-assembly1.cif_&_NOBFS_0', '7f3l-assembly1.cif_&_NOBFS_0']",74.0,37.8,0.0,1.0,1.0,2mqh,"{'b0880': {'A-0': [False, 37.8]}}"
7f3i-assembly1.cif_&_NOBFS_0,PDB,{'b0880': 3},"{'b0880': {'C-0': [False, 0.13043478260869565], 'A-0': [False, 0.13043478260869565], 'E-0': [False, 0.13043478260869565]}}",['7f3i-assembly1.cif_&_NOBFS_0'],222.0,16.4,0.0,1.0,1.0,7f3i,"{'b0880': {'C-0': [False, 16.4], 'A-0': [False, 16.4], 'E-0': [False, 16.4]}}"
3ulj-assembly3.cif_&_NOBFS_0,PDB,{'b0880': 4},"{'b0880': {'B-0': [False, 0.06521739130434782], 'A-1': [False, 0.06521739130434782], 'A-0': [False, 0.06521739130434782], 'B-1': [False, 0.06521739130434782]}}","['3ulj-assembly3.cif_&_NOBFS_0', '2bh8-assembly1.cif_&_NOBFS_0']",296.0,20.3,0.0,1.0,1.0,3ulj,"{'b0880': {'B-0': [False, 20.3], 'A-1': [False, 20.3], 'A-0': [False, 20.3], 'B-1': [False, 20.3]}}"
4alp-assembly1.cif_&_NOBFS_0,PDB,{'b0880': 8},"{'b0880': {'B-0': [False, 0.06521739130434782], 'C-0': [False, 0.06521739130434782], 'B-1': [False, 0.06521739130434782], 'D-1': [False, 0.06521739130434782], 'C-1': [False, 0.06521739130434782], 'A-0': [False, 0.06521739130434782], 'D-0': [False, 0.06521739130434782], 'A-1': [False, 0.06521739130434782]}}",['4alp-assembly1.cif_&_NOBFS_0'],592.0,20.3,0.0,1.0,1.0,4alp,"{'b0880': {'B-0': [False, 20.3], 'C-0': [False, 20.3], 'B-1': [False, 20.3], 'D-1': [False, 20.3], 'C-1': [False, 20.3], 'A-0': [False, 20.3], 'D-0': [False, 20.3], 'A-1': [False, 20.3]}}"
3c1d-assembly3.cif_&_NOBFS_0,PDB,{'b2698': 2},"{'b2698': {'B-0': [True, 1.0], 'A-0': [True, 1.0]}}",['3c1d-assembly3.cif_&_NOBFS_0'],332.0,87.05000000000001,1.0,1.0,1.0,3c1d,"{'b2698': {'B-0': [True, 90.4], 'A-0': [True, 83.7]}}"
3dfg-assembly1.cif_&_NOBFS_0,PDB,{'b2698': 1},"{'b2698': {'A-0': [False, 0.0]}}",['3dfg-assembly1.cif_&_NOBFS_0'],166.0,29.2,0.0,1.0,1.0,3dfg,"{'b2698': {'A-0': [False, 29.2]}}"
3fpp-assembly1.cif_&_MATCH_0,PDB,{'b0878': 6},"{'b0878': {'A-0': [True, 0.918622848200313], 'B-0': [True, 0.918622848200313], 'A-1': [True, 0.918622848200313], 'B-1': [True, 0.918622848200313], 'A-2': [True, 0.918622848200313], 'B-2': [True, 0.918622848200313]}}","['3fpp-assembly1.cif_&_MATCH_0', '4dk0-assembly2.cif_&_MATCH_0']",2226.0,63.9,1.0,1.0,1.0,3fpp,"{'b0878': {'A-0': [True, 63.7], 'B-0': [True, 64.1], 'A-1': [True, 63.7], 'B-1': [True, 64.1], 'A-2': [True, 63.7], 'B-2': [True, 64.1]}}"
4dk0-assembly1.cif_&_MATCH_0,PDB,{'b0878': 1},"{'b0878': {'A-0': [False, 0.2269170579029734]}}",['4dk0-assembly1.cif_&_MATCH_0'],371.0,28.5,0.0,1.0,1.0,4dk0,"{'b0878': {'A-0': [False, 28.5]}}"
4dk0-assembly1.cif_&_MATCH_1,PDB,{'b0463': 1},"{'b0463': {'A-0': [False, 0.03380281690140845]}}","['4dk0-assembly1.cif_&_MATCH_1', '2k32-assembly1.cif_&_NOBFS_0', '2k33-assembly1.cif_&_NOBFS_0']",397.0,19.6,0.0,1.0,1.0,4dk0,"{'b0463': {'A-0': [False, 19.6]}}"
4dk0-assembly2.cif_&_MATCH_1,PDB,{'b0463': 6},"{'b0463': {'A-0': [False, 0.03380281690140845], 'A-1': [False, 0.03380281690140845], 'A-2': [False, 0.03380281690140845], 'A-3': [False, 0.03380281690140845], 'A-4': [False, 0.03380281690140845], 'A-5': [False, 0.03380281690140845]}}","['3fpp-assembly1.cif_&_MATCH_1', '4dk0-assembly2.cif_&_MATCH_1']",2382.0,19.599999999999998,0.0,1.0,1.0,4dk0,"{'b0463': {'A-0': [False, 19.6], 'A-1': [False, 19.6], 'A-2': [False, 19.6], 'A-3': [False, 19.6], 'A-4': [False, 19.6], 'A-5': [False, 19.6]}}"
4dk1-assembly1.cif_&_MATCH_0,PDB,{'b0878': 4},"{'b0878': {'A-0': [False, 0.19874804381846636], 'B-0': [False, 0.19874804381846636], 'C-0': [False, 0.19874804381846636], 'D-0': [False, 0.19874804381846636]}}","['4dk1-assembly1.cif_&_MATCH_0', '4dk1-assembly2.cif_&_MATCH_0']",1484.0,26.7,0.0,1.0,1.0,4dk1,"{'b0878': {'A-0': [False, 26.6], 'B-0': [False, 27.7], 'C-0': [False, 26.3], 'D-0': [False, 26.2]}}"
4dk1-assembly1.cif_&_MATCH_1,PDB,{'b0463': 4},"{'b0463': {'A-0': [False, 0.08450704225352113], 'B-0': [False, 0.08450704225352113], 'C-0': [False, 0.08450704225352113], 'D-0': [False, 0.08450704225352113]}}","['4dk1-assembly1.cif_&_MATCH_1', '4dk1-assembly2.cif_&_MATCH_1', '3lnn-assembly3.cif_&_NOBFS_0']",1588.0,22.325,0.0,1.0,1.0,4dk1,"{'b0463': {'A-0': [False, 22.4], 'B-0': [False, 22.7], 'C-0': [False, 22.7], 'D-0': [False, 21.5]}}"
5zfr-assembly1.cif_&_NOBFS_0,PDB,{'b0107': 6},"{'b0107': {'B-0': [True, 1.0], 'C-0': [True, 1.0], 'B-1': [True, 1.0], 'C-1': [True, 1.0], 'A-0': [True, 1.0], 'A-1': [True, 1.0]}}","['5zfr-assembly1.cif_&_NOBFS_0', '6olj-assembly1.cif_&_NOBFS_0', '5tsg-assembly1.cif_&_NOBFS_0', '5tsh-assembly1.cif_&_NOBFS_0', '3jc8-assembly1.cif_&_NOBFS_0', '4ksr-assembly1.cif_&_NOBFS_0', '4kss-assembly1.cif_&_NOBFS_0', '5it5-assembly1.cif_&_NOBFS_0', '5oiu-assembly1.cif_&_NOBFS_0', '6ejf-assembly1.cif_&_NOBFS_0', '2ewv-assembly1.cif_&_NOBFS_0', '2eww-assembly1.cif_&_NOBFS_0', '3jvu-assembly1.cif_&_NOBFS_0', '3jvv-assembly1.cif_&_NOBFS_0', '2gsz-assembly1.cif_&_NOBFS_0', '8dze-assembly1.cif_&_NOBFS_0', '8dzf-assembly1.cif_&_NOBFS_0', '8dzg-assembly1.cif_&_NOBFS_0', '6ojx-assembly1.cif_&_NOBFS_0', '6ojx-assembly2.cif_&_NOBFS_0', '6ojy-assembly1.cif_&_NOBFS_0', '6ojz-assembly1.cif_&_NOBFS_0', '6ok2-assembly1.cif_&_NOBFS_0', '6okv-assembly1.cif_&_NOBFS_0', '6olk-assembly1.cif_&_NOBFS_0', '6oll-assembly1.cif_&_NOBFS_0', '6olm-assembly1.cif_&_NOBFS_0', '5zfq-assembly1.cif_&_NOBFS_0', '6gef-assembly1.cif_&_NOBFS_0', '2oap-assembly1.cif_&_NOBFS_0', '2oaq-assembly1.cif_&_NOBFS_0', '4ihq-assembly1.cif_&_NOBFS_0', '1g6o-assembly1.cif_&_NOBFS_0', '1nly-assembly1.cif_&_NOBFS_0', '1nlz-assembly1.cif_&_NOBFS_0', '1opx-assembly1.cif_&_NOBFS_0', '2pt7-assembly1.cif_&_NOBFS_0', '6bge-assembly1.cif_&_NOBFS_0']",2766.0,27.53333333333333,0.0,1.0,1.0,5zfr,"{'b0107': {'B-0': [False, 27.5], 'C-0': [False, 27.5], 'B-1': [False, 27.5], 'C-1': [False, 27.5], 'A-0': [False, 27.6], 'A-1': [False, 27.6]}}"
1p9r-assembly1.cif_&_NOBFS_0,PDB,{'b0107': 1},"{'b0107': {'A-0': [True, 0.9395017793594306]}}","['1p9r-assembly1.cif_&_NOBFS_0', '1p9w-assembly1.cif_&_NOBFS_0', '5fl3-assembly1.cif_&_NOBFS_0']",461.0,28.8,0.0,1.0,1.0,1p9r,"{'b0107': {'A-0': [False, 28.8]}}"
4ii7-assembly1.cif_&_NOBFS_0,PDB,{'b0107': 4},"{'b0107': {'B-0': [False, 0.021352313167259787], 'C-0': [False, 0.021352313167259787], 'A-0': [False, 0.021352313167259787], 'D-0': [False, 0.021352313167259787]}}","['4ii7-assembly1.cif_&_NOBFS_0', '4ii7-assembly2.cif_&_NOBFS_0']",1844.0,18.45,0.0,1.0,1.0,4ii7,"{'b0107': {'B-0': [False, 17.5], 'C-0': [False, 18.6], 'A-0': [False, 18.9], 'D-0': [False, 18.8]}}"
1g6o-assembly2.cif_&_NOBFS_0,PDB,{'b0107': 12},"{'b0107': {'B-0': [False, 0.0], 'B-1': [False, 0.0], 'A-4': [False, 0.0], 'B-4': [False, 0.0], 'B-3': [False, 0.0], 'A-2': [False, 0.0], 'B-2': [False, 0.0], 'A-0': [False, 0.0], 'B-5': [False, 0.0], 'A-1': [False, 0.0], 'A-5': [False, 0.0], 'A-3': [False, 0.0]}}","['1g6o-assembly2.cif_&_NOBFS_0', '1opx-assembly2.cif_&_NOBFS_0']",5532.0,12.699999999999998,0.0,1.0,1.0,1g6o,"{'b0107': {'B-0': [False, 12.7], 'B-1': [False, 12.7], 'A-4': [False, 12.7], 'B-4': [False, 12.7], 'B-3': [False, 12.7], 'A-2': [False, 12.7], 'B-2': [False, 12.7], 'A-0': [False, 12.7], 'B-5': [False, 12.7], 'A-1': [False, 12.7], 'A-5': [False, 12.7], 'A-3': [False, 12.7]}}"
6wxi-assembly1.cif_&_NOBFS_0,PDB,{'b3035': 3},"{'b3035': {'B-0': [True, 1.0], 'C-0': [True, 1.0], 'A-0': [True, 1.0]}}","['6wxh-assembly1.cif_&_NOBFS_0', '6wxi-assembly1.cif_&_NOBFS_0', '1tqq-assembly1.cif_&_NOBFS_0', '2vdd-assembly1.cif_&_NOBFS_0', '2vde-assembly1.cif_&_NOBFS_0', '1ek9-assembly1.cif_&_NOBFS_0', '2wmz-assembly1.cif_&_NOBFS_0', '2xmn-assembly1.cif_&_NOBFS_0', '5bun-assembly1.cif_&_NOBFS_0', '7ng8-assembly1.cif_&_NOBFS_0', '7ng9-assembly1.cif_&_NOBFS_0', '3d5k-assembly1.cif_&_NOBFS_0']",1479.0,86.8,1.0,1.0,1.0,6wxi,"{'b3035': {'B-0': [True, 86.8], 'C-0': [True, 86.8], 'A-0': [True, 86.8]}}"
1wp1-assembly1.cif_&_NOBFS_0,PDB,{'b3035': 2},"{'b3035': {'B-0': [False, 0.006779661016949152], 'A-0': [False, 0.006779661016949152]}}","['1wp1-assembly1.cif_&_NOBFS_0', '1wp1-assembly2.cif_&_NOBFS_0', '6zre-assembly1.cif_&_NOBFS_0', '6zre-assembly2.cif_&_NOBFS_0', '7akz-assembly1.cif_&_NOBFS_0', '7akz-assembly2.cif_&_NOBFS_0']",986.0,17.15,0.0,1.0,1.0,1wp1,"{'b3035': {'B-0': [False, 16.1], 'A-0': [False, 18.2]}}"
1t5e-assembly1.cif_&_NOBFS_0,PDB,{'b0463': 13},"{'b0463': {'B-0': [False, 0.4788732394366197], 'C-0': [False, 0.4788732394366197], 'M-0': [False, 0.4788732394366197], 'K-0': [False, 0.4788732394366197], 'J-0': [False, 0.4788732394366197], 'H-0': [False, 0.4788732394366197], 'A-0': [False, 0.4788732394366197], 'D-0': [False, 0.4788732394366197], 'G-0': [False, 0.4788732394366197], 'F-0': [False, 0.4788732394366197], 'E-0': [False, 0.4788732394366197], 'L-0': [False, 0.4788732394366197], 'I-0': [False, 0.4788732394366197]}}","['1t5e-assembly1.cif_&_NOBFS_0', '2v4d-assembly1.cif_&_NOBFS_0']",5161.0,36.699999999999996,0.0,1.0,1.0,1t5e,"{'b0463': {'B-0': [False, 36.7], 'C-0': [False, 36.7], 'M-0': [False, 36.7], 'K-0': [False, 36.7], 'J-0': [False, 36.7], 'H-0': [False, 36.7], 'A-0': [False, 36.7], 'D-0': [False, 36.7], 'G-0': [False, 36.7], 'F-0': [False, 36.7], 'E-0': [False, 36.7], 'L-0': [False, 36.7], 'I-0': [False, 36.7]}}"
3lnn-assembly4.cif_&_NOBFS_0,PDB,{'b0463': 8},"{'b0463': {'B-0': [False, 0.059154929577464786], 'B-1': [False, 0.059154929577464786], 'B-3': [False, 0.059154929577464786], 'A-2': [False, 0.059154929577464786], 'B-2': [False, 0.059154929577464786], 'A-0': [False, 0.059154929577464786], 'A-1': [False, 0.059154929577464786], 'A-3': [False, 0.059154929577464786]}}",['3lnn-assembly4.cif_&_NOBFS_0'],3176.0,20.75,0.0,1.0,1.0,3lnn,"{'b0463': {'B-0': [False, 16.7], 'B-1': [False, 16.7], 'B-3': [False, 16.7], 'A-2': [False, 24.8], 'B-2': [False, 16.7], 'A-0': [False, 24.8], 'A-1': [False, 24.8], 'A-3': [False, 24.8]}}"
4l8j-assembly1.cif_&_NOBFS_0,PDB,{'b0463': 2},"{'b0463': {'A-1': [False, 0.03380281690140845], 'A-0': [False, 0.03380281690140845]}}",['4l8j-assembly1.cif_&_NOBFS_0'],794.0,21.8,0.0,1.0,1.0,4l8j,"{'b0463': {'A-1': [False, 21.8], 'A-0': [False, 21.8]}}"
2j7l-assembly1.cif_&_NOBFS_0,PDB,{'b2336': 2},"{'b2336': {'A-1': [True, 1.0], 'A-0': [True, 1.0]}}","['2j7l-assembly1.cif_&_NOBFS_0', '2j2z-assembly1.cif_&_NOBFS_0', '1qpp-assembly1.cif_&_NOBFS_0', '1qpx-assembly1.cif_&_NOBFS_0', '1l4i-assembly1.cif_&_NOBFS_0', '3rfz-assembly3.cif_&_NOBFS_0']",500.0,36.3,0.0,1.0,1.0,2j7l,"{'b2336': {'A-1': [False, 36.3], 'A-0': [False, 36.3]}}"
3dpa-assembly1.cif_&_NOBFS_0,PDB,{'b2336': 1},"{'b2336': {'A-0': [True, 1.0]}}","['3dpa-assembly1.cif_&_NOBFS_0', '7lhg-assembly1.cif_&_NOBFS_0', '1pdk-assembly1.cif_&_NOBFS_0', '2uy6-assembly1.cif_&_NOBFS_0', '2w07-assembly1.cif_&_NOBFS_0', '2wmp-assembly1.cif_&_NOBFS_0', '2xg4-assembly1.cif_&_NOBFS_0', '2xg5-assembly1.cif_&_NOBFS_0', '3me0-assembly1.cif_&_NOBFS_0', '7lhh-assembly1.cif_&_NOBFS_0', '7lhi-assembly1.cif_&_NOBFS_0', '6cd2-assembly1.cif_&_NOBFS_0', '5ghu-assembly1.cif_&_NOBFS_0', '1bf8-assembly1.cif_&_NOBFS_0', '1ze3-assembly1.cif_&_NOBFS_0', '3bwu-assembly1.cif_&_NOBFS_0', '4j3o-assembly1.cif_&_NOBFS_0', '6e14-assembly1.cif_&_NOBFS_0', '6e15-assembly1.cif_&_NOBFS_0', '7b0w-assembly1.cif_&_NOBFS_0', '7b0x-assembly1.cif_&_NOBFS_0', '2co6-assembly1.cif_&_NOBFS_0', '2co7-assembly1.cif_&_NOBFS_0']",250.0,37.8,0.0,1.0,1.0,3dpa,"{'b2336': {'A-0': [False, 37.8]}}"
1nyt-assembly1.cif_&_NOBFS_0,PDB,{'b3281': 4},"{'b3281': {'B-0': [True, 1.0], 'C-0': [True, 1.0], 'A-0': [True, 1.0], 'D-0': [True, 1.0]}}",['1nyt-assembly1.cif_&_NOBFS_0'],1088.0,99.35000000000001,1.0,1.0,1.0,1nyt,"{'b3281': {'B-0': [True, 99.6], 'C-0': [True, 98.9], 'A-0': [True, 99.6], 'D-0': [True, 99.3]}}"
1nyt-assembly2.cif_&_NOBFS_0,PDB,{'b3281': 8},"{'b3281': {'B-0': [True, 1.0], 'C-0': [True, 1.0], 'B-1': [True, 1.0], 'D-1': [True, 1.0], 'C-1': [True, 1.0], 'A-0': [True, 1.0], 'D-0': [True, 1.0], 'A-1': [True, 1.0]}}","['1nyt-assembly2.cif_&_NOBFS_0', '1nyt-assembly3.cif_&_NOBFS_0']",2176.0,99.35,1.0,1.0,1.0,1nyt,"{'b3281': {'B-0': [True, 99.6], 'C-0': [True, 98.9], 'B-1': [True, 99.6], 'D-1': [True, 99.3], 'C-1': [True, 98.9], 'A-0': [True, 99.6], 'D-0': [True, 99.3], 'A-1': [True, 99.6]}}"
3o8q-assembly1.cif_&_NOBFS_0,PDB,{'b3281': 2},"{'b3281': {'B-0': [False, 0.42355371900826444], 'A-0': [False, 0.42355371900826444]}}","['3o8q-assembly1.cif_&_NOBFS_0', '1p74-assembly1.cif_&_NOBFS_0', '4omu-assembly3.cif_&_NOBFS_0', '2egg-assembly1.cif_&_NOBFS_0', '1nvt-assembly1.cif_&_NOBFS_0', '1wxd-assembly1.cif_&_NOBFS_0', '2cy0-assembly1.cif_&_NOBFS_0', '2d5c-assembly1.cif_&_NOBFS_0', '2ev9-assembly1.cif_&_NOBFS_0', '4fr5-assembly3.cif_&_NOBFS_0', '2o7q-assembly2.cif_&_NOBFS_0', '2o7s-assembly2.cif_&_NOBFS_0', '6bmb-assembly2.cif_&_NOBFS_0', '6bmq-assembly1.cif_&_NOBFS_0', '5dzs-assembly1.cif_&_NOBFS_0', '5dzs-assembly2.cif_&_NOBFS_0', '4k28-assembly3.cif_&_NOBFS_0', '7u5s-assembly1.cif_&_NOBFS_0', '7u5t-assembly1.cif_&_NOBFS_0', '7u5u-assembly1.cif_&_NOBFS_0', '7cok-assembly1.cif_&_NOBFS_0', '7col-assembly1.cif_&_NOBFS_0', '1npd-assembly1.cif_&_NOBFS_0', '1vi2-assembly1.cif_&_NOBFS_0', '3t4e-assembly1.cif_&_NOBFS_0', '6hqv-assembly1.cif_&_NOBFS_0', '2nlo-assembly1.cif_&_NOBFS_0', '3jyo-assembly1.cif_&_NOBFS_0', '3jyp-assembly1.cif_&_NOBFS_0', '3jyq-assembly1.cif_&_NOBFS_0']",544.0,48.75,0.0,1.0,1.0,3o8q,"{'b3281': {'B-0': [False, 49.1], 'A-0': [False, 48.4]}}"
1p77-assembly1.cif_&_NOBFS_0,PDB,{'b3281': 1},"{'b3281': {'A-0': [False, 0.40702479338842973]}}","['1p77-assembly1.cif_&_NOBFS_0', '3pwz-assembly1.cif_&_NOBFS_0', '3don-assembly1.cif_&_NOBFS_0', '3doo-assembly1.cif_&_NOBFS_0', '3phh-assembly1.cif_&_NOBFS_0', '4fos-assembly1.cif_&_NOBFS_0', '2gpt-assembly1.cif_&_NOBFS_0', '2o7q-assembly1.cif_&_NOBFS_0', '2o7s-assembly1.cif_&_NOBFS_0', '6bmb-assembly1.cif_&_NOBFS_0', '5swv-assembly1.cif_&_NOBFS_0', '3u62-assembly1.cif_&_NOBFS_0', '4xij-assembly1.cif_&_NOBFS_0']",272.0,47.6,0.0,1.0,1.0,1p77,"{'b3281': {'A-0': [False, 47.6]}}"
2egg-assembly2.cif_&_NOBFS_0,PDB,{'b3281': 6},"{'b3281': {'B-0': [False, 0.15495867768595042], 'B-1': [False, 0.15495867768595042], 'A-2': [False, 0.15495867768595042], 'B-2': [False, 0.15495867768595042], 'A-0': [False, 0.15495867768595042], 'A-1': [False, 0.15495867768595042]}}",['2egg-assembly2.cif_&_NOBFS_0'],1632.0,26.150000000000002,0.0,1.0,1.0,2egg,"{'b3281': {'B-0': [False, 18.9], 'B-1': [False, 18.9], 'A-2': [False, 33.4], 'B-2': [False, 18.9], 'A-0': [False, 33.4], 'A-1': [False, 33.4]}}"
